Concurrent_Requests,Latency_ms
101,31.9
951,3091.78
441,78.45
1299,8147.0
70,27.11
44,15.57
717,1068.43
21,21.56
23,33.1
235,41.41
28,27.17
144,30.93
331,46.0
168,44.57
13,32.34
64,35.11
177,35.8
19,32.55
105,41.5
862,2187.06
99,38.99
93,34.47
156,36.68
524,215.02
211,44.52
94,34.62
124,38.49
1100,4948.56
61,33.08
83,35.47
351,61.59
145,39.41
185,38.19
337,51.84
26,22.12
79,32.22
221,47.37
21,28.01
28,19.54
26,23.12
116,39.59
725,1114.19
535,242.38
415,64.18
190,45.0
605,476.78
98,41.19
25,30.48
48,38.62
204,37.92
108,34.43
107,41.22
10,27.96
259,50.87
380,62.16
156,37.48
53,25.32
70,29.03
428,74.32
132,34.25
146,37.84
420,62.36
606,485.94
415,61.68
151,35.79
163,40.17
241,49.61
187,31.28
593,443.0
520,199.01
23,28.86
115,32.93
163,37.48
324,53.44
299,54.2
217,43.66
130,39.35
12,28.23
11,22.38
454,79.46
59,38.26
154,37.68
523,209.86
173,35.99
234,49.7
10,29.49
169,38.44
187,35.55
115,35.97
289,42.36
78,31.15
49,33.5
140,29.08
301,44.98
133,44.77
240,41.48
457,93.54
343,46.53
704,980.82
442,82.22
131,39.27
1288,7948.53
712,1029.08
239,44.02
262,51.11
195,43.27
121,41.84
24,24.37
104,31.95
19,32.3
110,40.69
54,25.72
504,168.19
668,768.57
715,1055.89
993,3574.25
186,38.41
189,32.58
1282,7843.07
111,36.5
214,56.11
81,32.84
150,35.38
260,43.11
112,27.43
1015,3849.98
1174,6045.06
48,33.09
93,37.64
183,37.11
12,19.01
50,32.89
73,33.64
516,192.2
10,29.05
369,51.65
199,40.46
237,40.31
150,36.06
535,249.62
592,411.07
78,30.12
321,39.76
84,28.39
462,97.96
66,33.68
411,58.21
1016,3858.7
10,23.6
45,23.41
1382,9709.28
85,29.24
134,28.24
234,52.97
188,45.64
20,31.73
380,43.07
44,24.36
888,2435.12
13,21.7
40,30.25
474,114.21
187,35.56
873,2292.13
476,121.37
92,27.05
709,1009.77
139,37.66
80,41.03
63,32.61
807,1711.55
24,31.23
203,33.08
10,20.2
219,1117.2
115,728.85
42,26.28
75,29.34
88,31.17
10,21.13
204,49.5
68,36.06
836,1954.17
255,44.02
698,957.49
86,35.56
53,30.59
458,98.66
99,36.8
208,53.59
239,37.26
61,27.25
54,39.08
16,24.97
36,28.47
457,89.18
563,325.39
199,38.18
257,48.49
60,32.02
174,33.0
129,32.97
126,41.24
927,2835.65
310,51.94
154,36.93
135,37.89
149,42.17
1037,4123.95
367,63.42
35,31.76
32,26.24
34,30.46
224,49.09
164,42.32
804,1686.35
875,2313.09
328,50.12
543,271.62
736,1189.06
219,40.21
637,616.03
43,31.06
109,33.32
848,2063.24
131,41.4
57,36.62
288,47.93
36,34.65
299,44.72
35,28.26
613,515.26
287,49.27
191,46.68
409,62.72
144,35.02
680,843.83
63,26.14
1312,8381.32
72,31.71
10,23.72
589,414.97
441,73.89
114,23.04
305,50.03
10,29.7
754,1319.75
79,35.05
240,42.55
344,58.59
52,31.1
84,34.32
397,49.55
147,36.69
110,34.88
522,210.31
387,53.42
215,37.17
12,26.89
318,59.67
223,47.02
347,47.37
467,102.65
240,37.12
562,317.35
36,26.75
286,55.67
313,50.45
75,34.9
78,31.51
426,66.86
41,29.16
49,18.3
25,23.82
405,60.42
69,22.53
179,35.86
38,31.26
887,2431.03
192,45.76
216,46.23
39,32.32
308,53.59
407,66.58
278,48.92
106,31.32
873,2296.07
31,28.98
127,35.35
407,59.05
163,47.09
98,26.85
118,41.45
233,41.78
396,51.13
201,33.17
446,76.22
58,31.03
99,32.1
618,542.01
229,36.5
127,36.22
558,313.23
15,29.42
625,571.76
217,46.28
371,52.25
100,31.13
10,21.9
10,18.3
115,26.25
712,1032.02
920,2763.67
73,30.83
65,29.81
425,57.9
515,191.62
11,17.73
330,47.8
411,56.41
305,49.81
638,628.9
51,24.81
171,45.82
794,1611.34
78,34.54
559,312.58
438,76.66
121,38.19
831,1916.57
142,37.58
322,39.95
242,37.31
680,846.1
104,37.51
171,42.92
131,31.52
50,27.43
507,180.57
160,41.29
190,46.56
329,39.35
49,26.12
33,32.59
666,766.75
53,38.95
32,21.02
13,23.35
133,29.04
341,51.61
986,3491.85
511,176.17
767,1411.46
125,36.49
926,2823.32
490,139.32
96,40.42
502,158.96
163,43.48
174,37.45
167,36.14
100,28.95
454,87.29
299,51.82
77,40.89
793,1605.22
375,61.48
222,47.57
115,32.61
64,25.47
211,44.9
678,824.4
168,44.1
188,42.2
13,32.7
320,44.28
81,33.63
211,42.92
336,52.07
463,94.94
97,39.16
199,46.25
472,106.04
177,42.04
82,31.74
364,56.1
431,71.1
272,47.97
10,24.86
156,31.85
114,34.05
581,391.14
10,24.64
136,41.17
241,49.52
54,36.2
532,243.08
173,28.54
523,208.09
675,811.46
170,43.45
167,36.29
213,45.72
232,39.43
307,53.32
291,45.79
538,251.52
25,30.57
14,22.88
35,35.06
121,42.82
126,36.48
134,33.89
10,31.48
141,33.47
306,47.46
140,36.07
648,675.41
129,47.34
170,40.8
381,56.74
585,396.43
707,999.0
48,25.43
12,28.46
293,46.02
956,3147.06
423,65.92
268,42.32
106,32.0
314,48.48
117,30.64
169,40.19
48,28.43
696,945.84
191,33.97
290,42.29
548,287.04
462,94.51
84,34.36
330,45.9
101,31.48
110,34.81
384,48.57
122,36.56
431,73.27
10,14.58
87,31.02
322,45.38
89,30.15
116,34.06
450,90.9
10,29.84
361,46.84
186,42.05
193,45.91
194,37.86
348,51.83
397,57.31
263,45.27
118,40.12
166,40.38
96,31.07
16,23.04
16,20.41
274,54.86
150,27.87
208,43.49
43,20.12
82,36.19
355,42.36
30,24.73
10,19.93
553,292.74
105,32.07
144,44.09
222,43.52
47,29.11
24,26.16
89,35.5
472,118.23
28,25.62
460,97.68
105,37.3
37,31.68
885,2411.06
171,42.73
240,36.8
167,48.81
15,32.71
852,2099.45
516,198.0
87,26.99
150,33.12
40,23.67
143,41.01
297,49.3
51,28.89
126,40.03
1222,6823.73
268,54.27
499,158.0
491,139.43
711,1021.98
38,23.65
529,225.5
104,33.33
401,58.0
211,36.88
907,2631.6
86,35.66
20,28.87
105,30.38
331,50.72
12,20.53
783,1524.31
337,55.86
193,37.9
140,33.35
10,24.83
21,33.05
157,37.42
141,29.84
311,48.42
300,54.43
157,39.3
1301,8182.36
310,51.3
953,3112.88
295,44.14
279,49.45
393,48.81
797,1626.15
86,28.15
503,164.54
737,1200.17
118,31.11
272,42.99
61,36.46
233,43.29
52,30.97
174,41.45
188,32.79
359,50.39
204,46.8
583,393.37
62,20.77
36,36.2
264,51.53
143,34.44
258,40.21
440,73.53
441,70.3
770,1429.15
398,55.23
650,684.46
1500,12160.66
67,27.4
280,48.08
696,937.07
68,27.03
350,51.24
17,33.7
192,35.74
560,320.95
498,160.93
393,70.83
175,37.93
40,32.65
71,29.61
89,38.07
1052,4313.1
1206,6554.58
371,63.53
615,518.76
180,31.69
952,3111.55
320,53.39
120,33.0
362,51.81
185,36.31
146,36.09
663,754.56
40,32.54
601,464.74
143,1107.06
96,29.61
507,172.66
292,55.03
23,21.41
85,30.91
10,35.08
247,39.1
163,45.72
150,47.76
36,24.95
136,31.17
63,26.85
974,3350.52
111,26.96
55,28.63
20,26.72
287,51.03
299,54.35
216,29.13
507,178.33
54,31.03
448,79.13
86,31.29
206,32.91
189,39.89
295,43.87
547,286.35
42,30.89
31,33.64
952,3108.49
53,20.15
834,1957.7
505,170.34
1411,10278.34
327,41.93
1093,4860.28
66,33.6
222,50.14
262,44.57
946,3047.1
138,33.15
325,49.1
60,24.63
663,749.91
743,1228.91
328,54.09
600,457.93
300,50.78
1181,6167.63
66,39.19
317,45.39
154,37.19
54,24.48
470,100.89
694,935.22
251,46.39
372,56.1
117,40.74
223,39.06
295,54.58
723,1105.95
12,25.61
124,34.08
154,38.6
353,45.73
355,47.27
251,46.17
47,24.92
569,346.69
475,107.0
164,35.71
39,27.71
578,382.26
71,29.97
181,26.75
395,51.85
276,44.85
667,768.19
53,30.78
321,67.92
10,25.48
37,28.35
479,116.54
342,57.5
371,48.96
149,45.13
337,50.34
172,34.42
10,27.31
116,33.03
506,167.87
1169,5979.95
295,47.13
80,32.14
258,46.04
448,81.96
288,55.32
529,219.92
1162,5864.26
491,146.84
20,23.62
78,34.45
271,46.95
113,22.76
616,522.13
242,39.23
118,27.09
145,46.26
38,23.09
335,55.83
210,44.04
624,553.9
43,21.7
39,31.63
117,31.16
426,67.96
360,54.39
159,39.6
202,39.59
116,40.5
69,36.35
817,1797.38
179,35.35
781,1509.99
308,45.12
146,41.56
771,1439.92
353,48.5
10,16.53
97,33.05
14,26.38
87,30.01
796,1641.13
203,49.07
171,32.12
149,35.04
129,38.87
406,66.21
427,59.72
17,25.77
136,44.05
458,95.07
23,28.86
701,966.52
157,39.49
93,33.59
650,685.77
1500,12164.62
620,546.28
62,24.44
15,20.6
104,29.62
601,471.28
624,568.22
12,32.15
411,58.76
504,163.9
30,24.96
545,271.65
233,45.95
88,28.39
114,31.66
192,39.84
632,599.61
26,25.21
266,46.87
221,46.54
42,30.38
215,36.16
226,44.27
712,1028.24
359,58.28
23,19.8
405,55.53
408,61.01
10,24.79
195,35.93
65,25.18
521,199.84
580,380.65
541,252.72
543,272.04
460,100.74
108,37.65
229,42.12
434,68.36
511,187.88
26,19.79
131,46.96
58,35.25
136,42.83
696,926.47
284,50.11
155,35.68
401,61.01
484,131.45
283,40.7
40,29.12
664,754.01
319,52.38
76,29.87
32,23.01
259,32.21
244,35.31
10,19.49
543,263.11
447,82.88
24,28.72
407,72.03
211,41.1
851,2096.43
603,471.83
95,30.77
24,29.59
35,24.03
34,28.76
409,50.73
583,388.78
237,41.31
65,34.68
1258,7423.14
124,39.65
657,720.28
43,31.46
523,216.07
692,907.61
457,89.08
237,51.19
108,29.95
77,34.94
344,56.86
442,83.83
20,14.34
113,36.63
72,31.99
693,916.58
14,22.05
237,32.93
82,35.94
799,1656.88
127,37.03
77,31.48
80,30.95
230,35.54
56,35.0
197,43.79
381,59.11
113,31.03
266,50.27
124,36.51
386,69.35
643,649.05
374,62.19
423,59.22
10,21.09
89,30.11
10,27.57
402,57.49
645,672.52
10,18.34
239,47.85
32,31.01
36,31.2
711,1038.03
1500,12160.33
346,47.71
33,18.9
203,756.75
144,40.24
68,31.18
119,42.73
154,40.48
143,32.89
634,606.37
145,32.59
342,54.97
538,256.69
690,895.89
142,37.3
140,34.81
21,26.99
231,37.63
228,42.06
593,440.46
318,53.47
408,68.76
131,40.9
729,1149.61
237,39.7
157,48.02
255,45.94
579,381.05
107,26.67
197,44.0
57,37.31
337,55.34
214,40.33
260,50.83
363,41.73
697,943.59
79,35.77
77,28.54
41,30.0
197,35.66
278,48.55
67,30.14
662,757.51
1011,3788.89
305,55.88
151,34.71
571,348.09
505,158.26
85,29.96
18,23.76
482,121.51
57,27.2
60,32.48
74,35.04
138,29.84
55,24.12
265,46.81
44,23.97
113,29.85
295,40.12
554,286.99
695,923.25
151,27.86
78,28.14
397,1448.65
174,38.3
258,46.24
10,20.41
1234,7010.68
231,42.93
1129,5377.58
721,1089.6
1368,9429.06
132,39.39
10,25.45
655,704.95
594,434.98
32,34.8
155,40.37
298,49.21
50,34.36
485,140.97
72,35.43
482,127.27
61,29.61
93,33.52
389,65.95
1229,6929.41
328,59.69
524,212.59
54,26.67
20,19.27
782,1522.87
43,28.23
501,162.36
645,660.6
10,31.16
70,24.67
771,1446.35
189,48.31
257,47.06
426,67.83
293,41.13
201,41.07
27,27.28
934,2909.19
49,41.0
180,33.57
138,29.58
174,36.6
244,43.28
78,35.18
403,64.0
32,33.72
101,28.56
1029,4009.29
118,38.94
270,47.72
293,48.59
351,51.5
166,38.86
227,52.52
1129,5372.01
142,32.22
140,34.35
82,32.18
606,488.65
89,42.15
183,36.51
353,50.69
126,37.19
575,361.97
126,25.69
250,45.54
173,46.56
98,44.82
221,51.35
166,22.33
117,40.0
201,35.23
485,124.46
135,25.37
424,70.19
48,31.31
17,26.5
463,101.98
1124,5301.01
110,32.82
45,38.56
307,52.06
286,49.99
381,61.03
75,32.35
178,38.72
17,27.92
640,635.27
594,437.62
278,50.73
382,62.57
547,276.17
11,20.95
23,26.95
312,56.07
219,40.63
18,28.52
205,41.42
153,29.24
185,38.34
995,3612.77
89,29.29
253,50.05
16,23.69
538,245.07
74,34.14
182,37.94
373,58.07
25,28.65
358,53.08
29,25.81
49,28.86
145,33.24
382,54.93
794,1623.54
158,38.69
208,44.38
29,29.98
443,79.4
386,54.09
342,57.95
318,60.0
14,28.16
23,27.19
214,37.85
302,46.86
65,26.95
56,29.08
1447,11022.37
159,40.44
239,52.1
373,49.1
187,33.91
85,31.29
52,27.9
14,35.01
58,30.95
268,53.45
174,38.47
277,54.93
625,573.77
506,169.95
73,28.92
270,45.93
164,36.4
422,63.43
283,49.01
56,23.83
113,33.32
392,1321.12
10,36.58
57,30.16
189,47.2
294,50.2
817,1795.23
695,927.5
231,43.1
381,55.28
307,47.7
307,62.71
307,46.01
1212,6657.86
706,991.11
209,46.96
201,37.73
91,34.59
266,47.95
163,40.85
91,29.5
211,40.32
271,47.92
100,17.76
185,28.68
1069,4536.91
128,37.52
68,23.62
310,46.19
307,56.56
113,37.67
92,34.27
10,30.97
10,22.65
482,138.43
160,43.42
110,40.55
651,692.02
125,42.54
496,151.38
244,46.48
407,63.89
18,28.51
274,50.17
127,41.51
499,155.72
59,39.56
286,46.36
498,163.89
46,27.52
15,28.24
11,31.98
173,701.54
449,86.82
676,818.42
350,56.06
409,67.78
251,44.16
392,56.91
720,1085.17
55,29.06
71,32.3
14,19.24
240,44.09
150,41.01
123,30.6
284,50.98
183,37.93
184,45.92
10,29.67
43,31.77
272,45.66
159,34.08
21,19.27
345,53.08
212,39.53
38,25.3
100,24.89
391,52.69
251,39.85
223,38.93
127,40.94
343,53.31
74,31.12
424,59.54
90,37.12
285,52.48
93,33.2
178,35.74
518,196.14
303,50.98
173,35.09
23,30.97
258,38.78
275,43.14
657,707.94
594,441.79
77,30.8
877,2334.16
10,32.03
238,38.96
16,23.97
572,352.03
244,55.79
396,52.53
127,31.92
450,88.72
285,43.09
44,18.54
163,46.23
531,229.64
102,36.76
814,1775.41
981,3437.47
160,41.07
761,1359.64
270,42.33
98,39.35
10,22.88
261,49.24
376,59.83
167,37.35
128,32.46
107,31.32
148,41.05
100,35.92
423,64.68
395,59.73
381,58.86
11,28.03
544,267.98
153,35.47
747,1262.01
527,206.62
16,20.92
625,565.81
702,972.36
137,36.51
237,43.17
131,32.7
43,30.46
221,46.12
109,39.48
263,52.63
102,30.77
335,46.81
169,35.19
10,28.97
886,2425.99
34,18.91
170,49.01
39,29.2
886,2422.48
944,3021.61
69,32.19
99,29.28
71,31.98
88,27.85
533,230.5
230,37.72
227,45.98
340,44.33
243,39.95
219,43.13
118,37.26
25,22.0
620,546.84
10,24.05
472,117.63
10,25.87
563,329.96
100,33.42
175,39.02
640,634.7
44,26.5
14,28.66
435,74.93
38,28.81
644,660.52
30,25.8
250,35.73
20,22.72
552,286.06
134,27.2
10,29.48
381,64.74
563,329.48
10,33.91
88,32.61
46,27.73
96,44.68
412,58.21
53,30.6
623,554.19
10,31.5
512,180.92
10,24.22
220,30.97
499,155.78
83,30.15
321,56.55
262,51.09
430,60.97
84,28.89
296,41.86
796,1639.85
191,46.44
35,27.17
129,34.3
420,62.49
112,31.54
15,21.09
711,1023.31
407,61.84
33,18.75
1197,6412.6
608,498.66
10,34.02
151,30.93
156,39.57
327,56.28
849,2082.61
272,41.16
375,56.44
97,36.07
286,48.06
218,41.42
141,38.8
178,43.64
76,30.33
20,16.9
199,39.83
168,33.88
413,65.72
973,3338.81
143,34.72
120,34.38
715,1060.23
443,82.51
192,41.32
325,52.18
65,33.81
11,13.78
626,569.55
217,35.61
11,24.66
222,42.68
59,36.03
432,66.22
215,51.55
444,81.46
251,44.33
11,31.99
82,28.89
920,2759.31
53,28.74
445,87.59
11,21.66
92,27.86
10,33.4
607,484.98
38,32.47
210,46.24
27,25.98
187,36.85
942,2994.25
236,41.26
38,30.26
684,867.48
15,33.75
712,1037.58
167,33.4
156,33.1
438,75.57
192,37.94
510,187.27
68,29.38
25,28.3
251,47.3
157,45.45
230,43.92
457,96.64
232,41.65
291,48.16
12,29.43
591,423.97
73,34.23
88,35.92
279,57.39
137,33.49
33,27.35
10,787.69
212,49.05
337,56.27
238,41.14
708,1010.49
1500,12162.72
137,40.31
114,27.85
364,56.1
11,21.91
458,85.65
121,25.96
418,57.61
412,62.01
164,40.08
39,41.17
60,33.17
232,45.87
198,40.04
143,32.17
40,27.48
258,45.14
188,41.0
19,26.83
72,31.15
522,202.06
41,29.53
99,27.97
514,183.26
118,35.47
372,61.27
10,29.74
35,33.26
264,42.3
24,16.25
231,45.5
415,69.32
260,40.63
36,17.84
241,54.14
636,616.61
606,491.49
556,306.8
284,44.68
318,48.86
307,49.58
211,42.63
80,34.99
93,26.32
209,38.75
965,3244.53
93,39.03
755,1326.4
408,57.71
243,54.51
266,48.62
400,61.35
182,41.99
273,47.97
507,176.43
217,49.25
10,28.04
23,31.78
18,21.76
618,523.09
108,35.37
171,39.38
40,29.76
241,44.48
863,2200.9
31,29.82
45,22.46
33,32.69
10,27.19
670,788.1
112,36.0
573,360.42
324,47.11
330,49.7
1230,6956.29
401,55.36
10,25.29
10,30.08
29,33.16
164,38.46
1500,12157.87
220,47.89
221,38.65
484,127.82
916,2722.32
1206,6555.55
457,95.34
1136,5481.41
144,36.67
213,43.76
262,51.32
181,48.71
298,43.07
123,29.54
21,28.02
278,41.74
493,144.93
158,29.81
60,25.23
401,59.35
154,45.43
1069,4538.72
120,44.58
618,530.98
55,22.88
10,27.11
112,38.26
463,89.74
1141,5563.9
249,42.5
20,24.15
474,113.65
565,331.45
412,61.21
598,446.34
445,79.34
537,252.45
293,43.52
462,96.53
856,2140.34
306,48.12
76,36.35
1085,4752.5
1500,12156.08
299,50.6
218,44.49
1058,4383.55
874,2313.17
254,48.79
214,37.71
165,43.05
337,46.55
292,41.51
242,44.64
72,27.47
181,43.07
429,72.59
761,1360.63
61,38.7
451,87.89
279,47.29
216,42.78
349,49.89
551,292.57
64,23.13
69,28.66
64,37.03
47,39.21
51,29.96
41,23.8
478,126.69
39,23.18
459,96.31
1439,10855.56
303,51.72
381,57.66
186,44.43
53,28.51
165,41.53
1182,6176.84
374,54.83
167,37.52
258,33.8
82,29.31
709,2323.15
20,25.13
15,28.28
67,25.89
92,30.09
19,13.31
126,30.09
299,45.22
1064,5943.91
270,38.37
657,723.96
111,32.91
10,27.61
213,41.03
834,1947.35
196,38.56
73,29.26
282,57.97
10,31.65
896,2521.11
65,28.54
259,49.4
50,28.79
474,115.19
932,2893.4
1287,7919.08
255,46.68
70,27.32
275,55.2
12,32.84
437,76.5
126,34.69
666,777.72
268,51.48
477,120.84
65,31.04
75,38.49
32,38.35
589,418.57
81,23.58
162,41.73
528,221.38
142,34.78
1184,6199.56
116,32.75
306,45.52
1042,4182.63
69,42.78
192,38.49
129,35.57
238,48.15
288,41.43
455,89.22
147,39.39
74,28.08
443,76.29
189,38.75
624,564.67
373,58.12
79,30.94
42,25.79
765,1384.57
62,17.07
73,26.84
432,66.93
470,104.75
153,33.27
1013,3815.95
995,3599.38
49,21.59
142,28.13
451,80.77
391,54.31
152,38.01
133,39.06
271,48.73
351,57.69
384,42.65
430,73.76
250,37.77
135,40.74
239,46.4
18,24.71
359,53.76
897,2533.39
24,25.24
379,60.28
201,40.22
890,2461.53
167,40.52
10,25.35
149,46.43
466,101.26
78,31.61
43,27.41
24,18.86
212,39.06
279,48.04
287,37.28
340,57.91
37,36.87
272,49.02
229,36.66
247,1208.9
507,175.55
242,36.61
780,1497.32
167,34.59
345,46.6
85,29.68
1216,6734.57
281,44.33
612,518.04
376,56.72
53,28.51
78,28.29
108,29.4
728,1134.54
803,1680.34
116,31.86
19,27.9
207,43.79
183,31.76
782,1513.25
641,649.48
135,35.81
342,52.32
297,44.87
57,36.38
738,1205.4
423,67.09
155,33.39
59,31.04
85,28.72
179,39.16
497,153.48
349,48.23
43,34.66
86,29.46
392,60.93
745,1249.75
191,39.97
20,29.48
28,25.34
815,1780.53
38,21.35
41,27.46
19,27.15
167,49.62
139,37.95
74,31.71
10,27.61
279,41.3
10,31.55
132,37.05
27,31.03
330,53.0
718,1073.36
301,54.23
291,43.45
741,1217.26
10,16.01
1108,5070.38
41,33.36
1164,5886.38
229,46.45
10,26.23
370,55.48
509,173.08
131,39.36
346,51.49
362,56.17
10,25.83
67,37.98
35,22.51
25,33.24
380,57.5
646,663.94
396,60.47
18,19.57
296,58.74
83,32.42
36,32.15
319,54.88
95,29.35
294,57.69
334,48.47
551,290.29
322,47.74
162,39.97
68,34.82
158,38.96
20,17.09
27,24.06
526,219.33
96,28.28
123,26.88
207,45.35
59,27.42
39,25.62
1244,7191.22
188,52.17
506,176.55
307,47.07
69,27.9
138,29.31
148,24.29
720,1073.98
324,49.63
125,27.66
330,47.26
837,1981.0
344,48.61
170,1273.72
53,33.26
64,30.36
703,973.35
119,34.94
114,44.99
76,40.73
172,31.98
264,38.75
257,57.72
23,24.53
716,1064.73
145,44.79
160,39.48
99,32.37
97,28.79
108,35.41
150,40.02
239,42.83
101,25.77
1061,4421.96
126,38.52
60,30.5
293,49.49
66,34.72
291,41.61
163,38.74
393,45.57
360,63.82
1198,6426.32
1066,4488.92
448,90.63
17,25.57
61,32.07
1500,12159.36
552,286.48
836,1961.94
80,26.67
527,219.61
115,39.75
101,26.49
50,22.98
182,35.61
396,45.46
213,36.66
155,43.18
176,37.61
230,44.81
695,926.3
90,31.49
60,27.17
367,54.9
593,433.0
86,30.54
118,34.72
244,47.85
298,45.59
146,30.01
563,317.92
444,90.57
80,29.18
59,20.3
278,54.46
391,59.57
519,213.5
144,46.91
187,30.96
11,24.52
643,644.36
310,51.34
175,28.91
104,39.31
10,25.03
660,726.18
64,25.68
16,30.81
185,49.03
86,774.46
1075,4626.47
57,26.27
52,25.78
287,43.66
69,33.0
157,38.46
838,1974.48
120,29.0
153,36.58
211,39.69
327,54.01
10,26.1
65,33.75
459,91.32
196,43.78
318,55.24
681,846.15
248,42.01
248,40.6
451,82.17
28,30.54
53,35.86
10,25.8
437,60.82
450,85.58
160,44.98
1067,4501.22
510,185.52
127,30.71
30,33.22
401,66.61
369,47.47
456,83.46
105,42.08
20,31.63
10,28.69
281,46.93
81,29.22
68,32.16
444,84.91
237,48.25
251,45.26
166,36.29
121,34.93
25,23.64
684,861.48
63,29.55
161,39.57
173,47.28
480,120.51
52,26.29
460,104.46
21,24.28
193,40.98
197,38.27
143,30.46
87,28.25
186,37.25
80,35.55
270,48.82
166,36.32
405,58.43
663,750.81
472,107.1
49,24.11
149,28.29
64,32.17
76,34.05
438,69.46
418,64.05
403,54.25
382,60.9
421,65.66
230,44.31
53,28.52
47,33.07
276,45.19
82,35.9
378,48.26
180,45.76
594,434.12
505,165.61
30,25.91
52,32.89
312,46.84
165,33.77
31,20.2
279,47.81
213,43.28
210,46.8
10,28.66
300,47.37
410,62.23
368,57.27
204,43.12
176,42.83
457,86.65
69,35.77
241,34.11
302,52.96
67,17.18
29,25.16
279,45.26
49,28.41
239,49.49
144,43.75
65,27.7
29,25.08
282,56.04
468,100.1
24,22.51
70,39.73
99,29.36
193,48.52
56,25.75
97,34.5
67,24.71
1500,12160.66
330,45.91
588,413.17
106,39.6
231,41.49
96,23.19
251,45.84
509,178.15
251,45.43
195,44.22
22,27.6
1107,5055.56
22,27.5
42,28.77
15,32.31
205,45.2
190,32.72
414,72.36
388,55.47
460,92.18
622,559.56
886,2425.04
10,22.17
55,25.05
737,1194.48
628,575.88
35,29.68
200,40.12
85,43.81
225,38.41
18,31.91
346,45.65
1170,5989.51
288,44.36
188,43.44
410,59.11
688,889.47
358,51.21
223,32.8
104,32.89
31,27.26
71,31.74
40,28.47
673,801.7
62,36.62
264,42.14
35,21.25
793,1607.21
990,3535.67
459,97.03
785,1548.33
648,681.24
213,50.84
128,35.19
252,51.34
50,27.47
568,341.61
50,27.53
147,31.65
42,22.66
593,429.77
194,33.34
200,38.24
119,28.9
788,1574.05
13,20.85
321,50.58
556,294.58
517,192.65
580,378.12
647,665.67
247,51.06
69,30.38
112,39.69
832,1935.19
970,3308.36
290,54.12
134,33.76
936,2935.27
11,31.76
189,40.55
213,35.29
174,43.67
129,28.78
10,28.58
635,613.82
329,55.1
340,47.77
1231,6963.42
444,80.52
56,29.35
1500,12157.66
396,59.83
92,29.57
246,37.6
467,105.31
390,63.28
141,32.0
10,32.76
1307,8292.13
525,213.14
163,32.32
109,34.98
590,419.91
821,1828.96
161,32.41
257,52.15
706,997.06
479,119.93
981,3432.13
22,25.32
54,27.57
10,23.1
996,3617.3
257,46.06
242,54.37
10,25.09
77,34.84
96,40.72
10,23.63
678,832.19
10,21.09
171,37.33
65,36.69
614,517.05
446,86.07
411,65.88
152,46.07
660,736.76
144,43.24
183,31.83
388,66.02
368,55.68
468,105.64
1177,6095.44
208,41.13
445,66.76
55,30.91
34,21.79
211,42.59
432,75.24
145,40.07
938,2953.92
206,48.76
757,1331.54
199,49.22
202,42.6
441,77.95
1228,6922.27
609,499.03
496,155.04
84,38.56
729,1146.58
1091,4842.65
356,54.56
32,27.13
21,32.97
317,57.79
84,37.15
559,317.59
378,53.73
27,29.66
111,31.78
10,24.57
660,734.02
187,30.91
1226,6892.09
375,52.37
541,265.49
50,36.6
222,46.52
422,50.72
142,35.32
430,65.06
23,32.31
404,58.81
151,39.34
547,278.25
299,47.37
1064,4472.29
26,26.71
565,335.32
50,23.86
285,45.83
37,30.51
129,27.92
53,20.22
1500,13492.22
838,1973.9
554,300.23
113,32.69
401,58.99
442,72.41
515,190.14
108,25.84
205,36.0
415,63.47
93,34.71
330,47.96
21,26.07
234,41.84
115,32.32
173,32.08
19,27.28
85,24.25
10,27.55
119,1385.13
610,509.98
137,37.54
34,17.63
704,992.31
771,1429.3
390,52.46
290,45.7
386,59.9
226,44.73
26,28.65
396,56.74
10,26.27
1500,12163.68
76,34.87
164,29.34
498,153.03
10,27.91
87,33.07
370,53.54
693,914.28
383,63.01
1091,4833.49
157,38.87
331,45.93
362,59.32
87,28.03
85,1148.21
44,30.23
376,55.99
38,33.26
894,2499.72
10,29.31
245,46.01
46,25.95
253,34.31
10,19.71
189,29.35
62,29.37
10,24.55
111,26.34
35,29.99
668,771.27
165,41.73
537,253.49
63,33.71
262,46.64
377,48.83
30,31.87
442,78.85
527,222.9
872,2287.86
516,192.56
1500,12158.48
57,31.17
123,28.2
197,39.16
155,49.86
388,44.11
27,34.34
493,141.9
534,250.45
389,57.85
246,55.1
89,30.96
305,47.21
293,46.21
101,25.4
101,41.58
62,30.11
124,35.13
345,50.1
143,43.15
161,33.37
127,35.84
294,44.94
232,41.26
74,35.42
28,41.42
246,53.31
401,56.08
257,42.55
298,46.71
67,34.44
221,36.97
194,43.78
83,24.13
159,42.33
47,27.71
71,26.17
94,37.29
1311,8365.01
53,27.58
510,182.04
43,15.61
797,1639.25
1055,4350.41
25,18.83
618,528.99
218,42.96
53,35.45
335,51.79
535,231.1
35,19.77
297,65.36
195,43.21
513,191.67
844,2035.64
185,36.94
282,35.22
44,27.38
784,1537.97
570,341.22
114,34.85
427,71.8
617,527.51
148,39.45
160,37.59
443,68.82
177,39.54
256,50.64
173,38.81
23,18.48
141,875.94
336,56.67
245,48.57
297,49.02
286,43.39
612,504.25
322,49.45
51,34.28
51,18.74
247,50.04
400,917.44
642,634.31
10,29.73
908,2626.85
387,58.73
280,48.37
262,45.0
824,1852.09
46,27.76
41,29.19
1271,7653.2
331,42.18
912,2683.58
52,35.14
260,39.95
1251,7306.37
43,30.85
266,45.43
51,31.64
136,35.14
285,52.14
121,27.75
67,30.21
439,72.38
601,465.89
364,55.11
391,55.96
196,31.72
767,1411.63
265,45.29
17,35.54
573,355.58
320,44.66
114,32.82
10,18.27
57,24.46
596,444.45
118,29.97
32,29.08
28,30.06
489,138.73
10,21.95
337,50.11
42,27.66
119,38.37
612,502.29
84,21.61
88,30.87
178,37.08
11,25.25
67,29.84
47,25.34
238,38.51
951,3097.42
215,40.89
319,59.65
90,32.62
289,56.12
136,35.0
78,36.29
293,43.21
435,71.73
10,23.15
253,44.32
570,349.6
110,32.54
286,52.35
146,39.16
479,122.95
270,44.15
400,64.66
95,35.14
997,3617.7
813,1775.16
52,34.11
686,886.95
262,49.25
731,1147.83
161,35.04
202,43.3
106,32.93
769,1430.71
484,140.26
23,24.19
91,27.25
324,51.24
13,23.6
114,34.56
186,28.22
658,726.84
100,27.89
38,27.41
96,32.16
10,27.75
640,634.49
344,55.07
26,20.86
60,23.25
337,49.76
194,43.71
162,45.75
1052,4306.16
569,350.58
141,40.39
323,56.78
92,35.75
50,23.78
96,37.95
67,27.93
64,36.62
99,32.03
20,25.14
132,24.97
673,809.96
449,85.9
162,36.76
91,34.09
75,25.08
13,23.95
63,32.93
402,54.51
55,23.88
76,32.49
50,36.01
334,51.52
127,46.43
329,48.86
107,40.11
243,45.77
42,30.28
440,74.3
188,41.59
486,136.52
672,805.04
1162,5865.32
735,1179.96
357,62.19
245,41.1
26,26.22
153,33.39
441,70.5
10,28.29
52,35.78
303,889.08
155,41.8
160,38.49
44,19.54
147,40.41
314,44.96
414,55.32
32,19.75
458,1443.63
86,35.26
158,32.73
142,37.09
410,60.62
11,28.92
390,51.9
1029,4005.93
26,20.05
10,27.75
549,276.96
297,48.13
167,40.7
357,49.92
10,22.34
12,25.54
466,105.09
648,673.34
331,54.51
211,47.93
118,25.52
555,296.85
193,36.32
130,38.93
671,795.85
163,37.58
362,55.62
384,60.78
270,43.74
364,52.13
384,56.46
101,25.97
454,93.12
61,28.42
1189,6286.06
166,41.34
64,25.83
91,33.06
59,30.44
390,60.72
685,865.94
71,33.65
130,33.01
358,53.8
47,25.47
36,26.61
288,51.94
307,46.37
113,38.25
276,1230.55
387,57.97
115,37.06
396,52.18
129,29.78
10,36.51
109,23.53
218,44.42
118,52.86
257,36.28
833,1929.11
935,2929.2
128,39.36
452,90.39
58,34.04
795,1620.48
86,29.95
125,41.94
11,23.49
38,30.49
10,26.01
14,28.96
837,1969.6
79,29.76
696,939.63
101,31.7
110,34.79
12,26.35
76,32.98
780,1501.2
102,30.99
127,27.93
211,43.67
91,23.6
1342,8938.69
131,37.0
193,38.15
407,59.18
103,35.6
478,127.69
49,26.57
35,32.94
498,162.07
47,22.58
205,43.89
208,41.23
100,31.83
1500,12161.1
125,34.69
1206,6558.1
202,33.61
366,52.65
337,49.62
22,27.7
298,54.37
330,50.11
183,31.16
108,39.53
569,341.73
15,29.77
38,31.52
89,29.65
244,45.63
274,44.07
50,31.77
291,55.84
199,36.16
10,20.49
263,1305.0
449,80.32
185,45.39
14,17.64
208,32.66
155,42.25
63,31.4
67,39.44
133,42.5
90,38.05
149,40.17
438,75.36
323,56.2
126,40.87
804,1700.64
208,44.72
305,52.12
101,33.46
492,144.0
520,200.91
134,41.35
102,41.18
1500,12162.45
368,53.66
47,37.22
90,33.11
258,52.27
104,38.28
643,655.36
211,47.63
288,47.61
52,39.22
152,34.8
450,83.9
132,32.91
185,42.76
1331,8727.8
69,29.65
453,101.81
140,34.05
558,311.38
1500,12157.06
420,65.84
223,43.63
623,565.74
115,39.28
989,3532.23
1099,4945.95
417,65.59
258,39.49
50,34.95
161,44.94
432,63.15
449,86.88
112,34.27
45,26.56
281,50.73
538,251.33
130,33.3
268,43.68
332,46.07
195,47.33
29,22.62
285,44.07
857,2145.22
136,27.45
46,35.96
135,44.11
353,56.34
798,1646.5
203,42.62
200,35.8
186,40.1
542,900.68
98,26.76
212,39.4
194,39.92
615,519.28
340,56.02
1483,11789.58
172,41.33
460,93.81
309,58.17
650,675.03
48,32.49
71,33.33
171,40.76
180,42.93
339,52.71
149,44.31
962,3209.77
395,56.02
10,20.21
256,46.75
231,45.28
393,58.89
236,47.26
60,21.04
71,36.47
46,24.97
574,368.23
221,49.25
659,734.11
199,40.46
128,38.13
675,820.72
446,77.43
159,43.65
286,47.72
438,70.43
184,1457.23
53,29.26
86,36.04
10,25.47
694,923.63
145,26.79
63,23.85
10,25.8
547,273.5
31,23.81
57,25.59
196,48.6
66,35.45
240,46.46
123,26.07
35,19.07
10,33.57
447,92.73
46,32.77
264,46.28
428,70.01
150,33.08
268,47.45
442,84.1
1275,7713.81
106,37.08
114,35.98
33,32.31
205,44.99
22,32.22
168,41.12
42,35.58
168,38.77
572,352.82
831,1923.28
141,34.38
1061,4428.47
291,53.56
127,32.53
193,38.65
114,45.02
387,53.35
238,47.62
39,27.76
10,23.71
606,482.15
630,585.98
148,39.85
282,53.27
551,292.36
213,43.07
200,40.99
613,509.44
331,52.72
199,44.16
134,33.43
117,28.7
228,38.14
649,676.39
217,30.95
18,27.11
195,32.44
615,512.44
350,52.98
114,36.84
117,32.29
56,40.5
197,37.82
58,32.77
103,33.29
148,34.44
68,26.47
148,848.69
32,29.84
258,47.77
68,31.1
718,1078.74
237,39.94
271,54.63
843,2018.66
61,40.95
331,58.4
183,43.46
24,22.99
757,1336.97
919,2758.09
102,29.72
76,31.72
269,47.12
77,35.19
107,33.99
100,28.0
368,57.84
1087,4786.28
242,49.29
364,50.8
200,42.62
10,34.85
42,30.4
62,29.86
271,52.31
119,32.03
441,69.66
896,2528.84
782,1524.02
342,53.45
10,25.56
174,38.7
143,39.43
54,33.5
328,51.28
96,33.42
142,29.11
199,42.21
267,49.34
35,22.94
577,375.37
187,39.64
112,38.96
545,266.79
58,20.59
26,24.97
17,23.09
114,32.22
398,57.01
150,41.37
10,21.3
101,35.75
10,26.32
481,123.03
315,59.41
145,35.27
103,29.49
310,55.55
114,34.79
729,1146.79
354,54.44
30,29.38
85,34.6
121,30.45
518,195.75
65,39.32
152,34.53
705,990.07
368,55.62
178,39.95
231,42.55
717,1069.32
1338,8866.58
29,27.65
250,48.87
138,37.47
58,27.15
98,33.99
224,48.15
1500,12162.31
634,606.07
1500,12163.08
780,2628.34
767,1410.0
227,35.22
272,44.34
112,40.91
354,49.68
61,33.7
446,84.46
108,28.74
707,1002.57
151,34.55
168,38.01
107,29.91
162,39.85
548,276.64
10,28.1
54,31.46
125,33.37
272,42.95
157,36.92
105,28.79
153,38.03
83,32.53
544,264.06
754,1310.65
473,115.19
796,1626.33
848,2062.46
1500,12163.76
135,45.76
135,29.68
237,51.3
679,834.69
269,30.43
161,38.78
142,37.13
47,28.02
13,28.25
121,39.1
787,1544.67
334,44.22
119,37.2
652,692.19
400,54.65
50,23.24
99,32.79
231,42.87
118,44.3
11,23.83
169,44.01
588,414.76
237,45.42
81,36.44
522,204.96
113,29.57
331,54.89
68,30.89
222,37.2
1065,5272.96
231,45.92
552,296.17
46,27.77
110,26.6
127,31.88
641,640.29
647,674.32
110,33.7
48,34.33
213,51.55
139,37.43
56,27.55
223,40.92
247,48.15
10,30.47
57,29.68
349,56.94
140,42.23
488,140.57
31,26.64
300,47.33
27,29.08
142,40.05
80,30.02
277,49.22
28,33.21
518,206.03
99,39.86
390,52.24
761,1361.53
74,33.44
865,2217.0
139,32.47
80,44.26
105,38.88
182,39.74
107,29.88
92,21.25
555,301.33
407,56.39
10,27.42
449,88.27
132,37.04
100,30.62
156,36.17
1382,9703.35
171,36.91
123,39.3
721,1094.24
25,27.26
31,20.74
190,41.02
93,38.59
54,28.82
97,28.53
570,350.56
163,39.81
560,316.01
1177,6098.55
210,40.7
420,61.63
212,36.12
205,40.67
311,50.57
442,84.38
253,45.24
433,66.64
587,409.45
781,1500.94
952,3101.42
1010,3780.48
39,32.49
206,40.73
554,296.53
628,577.89
187,31.55
84,32.87
95,35.34
10,30.12
151,36.25
193,45.21
60,22.58
132,35.44
10,19.02
262,37.94
716,1055.23
690,904.51
377,48.16
769,1409.67
601,460.76
42,20.45
322,54.74
45,32.07
86,27.05
697,941.31
615,527.69
290,52.22
662,745.92
27,18.64
168,28.95
40,34.48
70,36.51
205,35.37
39,30.2
480,130.46
378,54.47
692,910.04
137,39.67
491,145.17
54,30.83
410,70.29
69,36.28
57,25.89
246,45.32
500,161.01
10,24.97
27,22.58
104,35.44
701,969.42
577,374.99
74,35.49
629,589.8
844,2032.81
341,47.07
36,25.25
219,33.3
1031,4039.15
1021,3916.15
792,1600.24
729,1148.43
246,35.72
154,40.68
66,25.63
195,43.7
438,78.42
220,56.46
58,33.28
709,1014.41
548,282.49
681,842.55
36,27.6
195,45.69
330,42.97
141,32.11
38,27.55
537,240.71
295,46.41
211,42.1
134,39.83
807,1722.58
109,30.41
230,46.78
119,43.24
960,3190.53
98,30.46
338,64.93
532,238.57
157,42.46
26,24.56
44,26.28
142,47.79
139,36.32
304,51.99
22,30.82
316,41.95
174,44.44
75,34.12
458,93.95
474,1457.65
425,57.91
390,48.5
121,36.47
645,654.76
10,891.7
645,659.01
491,143.19
423,69.62
61,32.1
722,1102.75
718,1072.41
768,1416.87
208,48.66
60,36.83
85,30.55
744,1246.16
614,523.21
145,33.22
140,35.59
32,31.12
179,37.26
99,29.6
51,28.19
69,36.28
45,34.03
101,23.43
116,29.38
201,41.31
30,26.71
236,32.27
587,422.46
976,3371.76
95,27.36
457,95.34
869,2264.37
74,34.7
112,28.54
211,44.57
15,26.36
504,170.42
57,33.77
491,144.09
57,25.15
34,28.6
591,414.88
150,37.12
368,58.03
480,129.28
142,30.15
217,54.09
1080,4679.67
956,3148.96
17,31.19
218,38.59
412,62.94
34,26.03
461,103.74
297,49.01
205,34.2
500,164.79
1097,4914.81
1079,4674.84
336,56.17
44,17.89
19,24.86
229,43.2
708,1016.35
787,1553.01
255,45.16
357,53.67
355,51.59
229,45.29
831,1925.59
110,32.1
26,32.12
199,37.53
814,1773.54
123,30.14
749,1270.91
624,563.74
12,23.85
124,36.54
81,29.69
814,1768.86
1067,4506.4
69,26.77
200,35.38
377,53.23
464,97.63
176,42.55
321,54.98
39,30.8
65,27.2
342,43.5
832,1919.6
37,28.19
334,52.29
20,28.12
534,233.55
112,37.38
1104,5016.16
161,30.0
30,30.64
562,317.66
10,29.64
524,214.71
10,24.87
126,40.01
106,29.07
199,41.46
708,1016.74
996,3606.73
16,29.55
462,105.54
445,85.04
337,52.69
221,38.84
1213,6666.04
791,1588.57
10,27.28
41,27.79
163,34.58
294,48.55
236,45.68
42,28.69
697,942.77
211,38.29
71,35.59
139,34.44
539,255.35
101,22.21
900,2558.3
261,968.42
231,48.22
19,28.25
25,20.52
10,24.56
413,59.4
262,53.01
48,20.23
206,36.7
514,190.29
246,48.34
26,26.92
53,36.02
86,27.71
537,247.65
149,32.67
969,3302.99
19,20.58
197,41.47
37,23.49
183,41.45
108,34.55
20,28.76
381,59.69
661,744.96
333,48.91
797,1633.6
432,70.74
435,76.54
96,36.02
437,80.16
226,36.57
64,32.74
785,1541.42
432,70.32
194,39.9
686,881.73
22,25.92
98,24.57
27,1000.01
146,39.55
166,41.01
955,3137.31
1219,6764.52
126,1037.27
90,35.0
253,46.42
382,60.5
31,34.18
815,1774.55
270,47.41
683,863.94
231,55.13
157,37.13
88,29.94
801,1674.01
153,45.25
71,31.47
415,59.16
106,33.61
409,58.88
223,44.5
460,103.4
746,1250.34
398,60.16
640,634.26
40,30.79
54,34.19
161,48.28
138,35.76
323,47.85
127,32.7
933,2895.77
172,41.16
163,34.28
367,48.8
135,34.83
30,22.5
218,48.29
214,31.49
200,34.43
143,35.8
722,1087.92
38,27.01
399,51.34
298,53.39
274,45.83
390,55.45
297,47.3
10,25.53
260,47.42
179,27.29
203,45.13
17,24.06
1032,4044.57
647,673.14
10,31.71
399,52.03
227,45.52
1185,6220.97
104,28.38
484,123.34
431,71.11
778,1489.98
10,31.89
16,22.55
391,49.27
182,45.56
183,46.24
179,47.01
39,28.06
215,33.33
126,29.42
22,23.06
50,29.14
23,28.69
125,35.86
563,329.14
610,503.17
157,51.12
614,519.03
213,46.86
63,21.78
19,28.0
404,67.81
10,17.08
282,47.72
533,233.05
540,249.92
463,99.49
174,33.02
475,116.59
235,51.41
248,39.13
134,39.47
488,146.0
763,1369.05
213,33.01
366,47.55
252,53.88
416,61.42
55,29.19
440,74.4
300,55.68
180,38.49
43,28.74
340,45.46
728,1136.64
344,55.83
107,32.07
15,24.65
84,34.15
25,22.39
891,2465.02
1057,4376.55
175,41.09
114,33.23
474,113.62
40,26.33
188,46.32
140,36.23
79,29.38
44,22.93
58,21.65
260,44.23
884,2406.23
232,43.38
28,29.93
185,39.48
124,36.53
192,30.56
34,26.53
116,28.55
121,42.61
30,28.8
515,192.16
54,34.0
223,43.58
42,30.53
10,28.1
212,35.0
515,192.34
252,51.19
71,28.93
299,49.86
274,45.73
174,36.47
255,48.96
199,49.04
432,71.74
26,22.37
360,52.5
585,395.48
44,26.32
127,39.97
362,53.22
18,24.62
117,30.97
205,38.57
734,1176.81
208,33.26
116,32.28
157,39.45
175,28.05
405,56.18
563,323.1
54,23.94
113,34.41
68,23.26
804,1692.54
817,1793.95
49,39.39
274,44.37
419,62.88
485,145.07
402,67.86
176,43.7
60,26.15
13,34.74
38,27.38
26,22.6
333,53.22
281,43.82
10,28.0
204,45.41
396,59.38
690,898.74
667,779.48
140,40.9
181,35.99
580,379.81
147,32.67
267,50.45
863,2206.01
829,1899.12
187,38.89
28,25.28
140,33.5
274,46.0
104,34.18
312,52.0
370,66.75
1475,11620.76
710,1020.36
170,37.72
329,59.36
264,49.55
717,1064.09
427,62.72
114,33.64
244,53.46
10,29.66
43,21.83
164,48.71
66,35.23
26,37.27
12,30.15
1078,4655.32
232,51.55
143,39.06
234,44.25
91,27.5
430,75.83
261,55.69
373,52.02
667,768.37
211,41.59
1500,12155.12
516,197.97
10,24.37
10,17.76
24,24.24
126,42.27
1267,7568.13
308,40.41
163,32.42
76,24.48
769,1424.36
475,113.9
1362,9310.63
674,813.82
132,40.88
288,48.64
343,48.66
362,57.96
93,36.3
582,397.53
14,30.31
474,124.61
27,23.6
610,501.0
122,31.91
96,40.4
69,31.78
42,19.28
92,30.41
183,37.17
22,25.81
46,28.21
10,21.9
183,47.3
765,1397.68
536,241.46
37,13.26
54,21.32
286,42.53
314,39.87
35,36.39
52,26.79
914,2701.49
13,23.05
19,21.01
260,39.8
177,52.57
66,27.08
658,735.89
497,153.57
775,1468.45
599,447.76
161,38.05
292,48.6
194,40.66
107,27.11
180,42.18
441,83.45
916,2721.5
1416,10385.1
841,1999.14
10,20.76
402,58.11
472,110.63
166,39.44
449,82.64
614,528.17
22,25.66
783,1538.14
192,43.01
18,18.35
817,1795.69
305,51.68
343,54.36
21,26.77
268,52.88
163,36.24
101,34.27
82,29.29
393,52.77
289,39.95
164,40.88
100,35.86
287,44.88
10,27.41
130,25.73
63,34.07
40,22.19
196,46.69
610,496.39
24,18.42
53,26.66
663,752.05
34,27.92
238,48.83
234,43.06
238,34.55
63,29.2
1500,12157.59
492,141.38
280,39.7
797,1649.68
190,42.74
201,35.04
215,36.07
186,33.61
490,135.87
11,19.53
733,1166.57
1223,6831.02
838,1973.01
77,37.57
60,37.96
458,97.41
44,32.38
205,43.2
53,40.61
46,38.1
399,62.94
222,39.78
568,348.09
32,30.4
75,35.09
438,76.43
194,45.04
177,41.7
753,1313.71
27,25.89
662,743.39
1500,12163.06
148,43.97
193,41.72
470,109.83
299,54.95
333,57.98
643,650.98
445,70.03
10,18.84
409,59.24
364,59.33
120,29.1
11,25.37
27,21.29
520,199.25
56,37.41
114,38.32
255,44.15
297,56.33
242,40.51
804,1682.6
1299,8139.57
55,38.35
126,950.47
59,25.45
313,52.82
93,37.01
161,38.21
209,36.97
1500,12175.33
89,30.88
20,22.4
139,34.73
275,38.78
236,40.02
961,3208.17
210,42.39
10,30.49
1282,7847.11
52,20.85
185,38.53
1500,12159.14
114,23.87
256,39.02
192,46.64
14,21.56
29,30.02
96,29.27
27,25.12
539,240.02
245,41.98
90,26.1
280,42.67
130,38.06
445,82.42
387,52.43
227,41.37
219,37.01
272,53.46
189,34.2
10,28.07
38,24.61
427,62.67
31,26.78
387,58.89
307,52.74
918,2742.96
92,33.36
572,351.64
530,227.77
16,35.8
256,55.0
88,39.55
379,56.15
540,258.43
148,38.15
121,23.59
1036,4107.74
295,44.8
156,29.66
242,41.78
184,42.95
154,26.78
587,400.85
246,47.42
168,37.18
186,40.1
497,151.77
569,351.38
411,58.78
365,51.7
348,49.21
17,15.16
761,1359.47
216,43.43
25,27.13
311,48.57
166,30.42
526,208.15
135,33.99
407,62.64
10,20.52
518,201.85
326,43.88
196,43.14
301,42.23
541,260.33
31,32.41
277,49.03
158,41.69
908,2645.17
107,33.05
23,22.79
156,31.7
113,34.36
102,36.86
398,58.44
222,31.77
769,1420.11
165,35.21
246,49.13
593,439.12
235,41.63
131,33.51
26,13.37
81,35.9
37,32.5
979,3410.67
19,27.63
195,42.2
265,44.67
317,39.98
127,34.49
180,42.13
453,89.4
24,22.75
190,43.69
63,29.59
158,26.58
108,33.66
133,34.22
187,44.81
844,2035.35
50,33.21
228,40.49
294,47.16
117,28.64
146,37.24
722,1096.74
64,24.75
58,38.05
10,26.02
297,49.94
101,36.28
531,234.53
1013,3821.42
328,47.29
435,72.57
10,23.9
196,51.1
13,17.3
63,28.77
326,48.75
332,57.68
366,56.29
69,25.93
10,19.51
459,97.82
286,51.74
431,76.9
399,54.14
449,1564.74
1387,9802.71
116,28.44
15,27.56
366,50.81
90,25.53
216,40.69
342,44.23
10,33.43
156,30.8
343,49.25
202,42.24
12,28.34
185,39.8
298,50.85
104,28.11
10,23.1
287,51.28
1025,3980.13
169,34.36
298,50.24
171,45.11
92,37.45
323,44.93
101,39.81
85,41.43
229,42.03
189,48.09
646,658.93
156,40.42
196,46.04
418,59.24
805,1694.34
347,55.29
810,1747.48
609,497.61
281,43.85
1500,12167.74
150,38.25
175,40.13
46,25.23
399,61.75
38,23.9
66,32.39
320,46.62
161,38.58
742,1223.18
65,30.92
376,54.84
468,101.79
197,41.44
95,25.7
822,1845.02
170,38.9
487,132.65
154,41.42
169,28.7
236,49.52
175,37.13
316,44.66
1496,12077.92
390,54.72
31,26.21
578,383.33
118,36.57
10,26.51
18,27.34
488,144.11
216,38.37
495,149.2
884,2392.49
444,81.64
251,49.55
28,31.85
52,34.8
312,45.55
436,79.25
45,31.94
360,55.71
374,53.27
516,190.83
377,64.68
10,29.44
317,42.61
10,30.82
101,27.58
125,34.96
82,33.02
120,33.96
116,34.08
156,39.49
347,46.88
205,41.86
39,26.06
337,54.35
91,30.37
111,34.77
153,40.19
270,39.55
316,49.17
185,42.76
43,30.97
145,40.06
15,30.1
14,24.93
300,50.62
146,38.68
250,39.74
23,22.97
207,51.91
1364,9352.43
240,49.59
199,38.37
607,492.9
89,28.04
332,51.16
165,30.22
209,46.46
31,29.42
107,33.2
119,39.53
203,49.06
99,27.74
95,32.39
164,37.74
798,1646.77
44,30.4
1500,12165.55
55,28.0
52,29.11
457,96.17
81,35.22
42,22.52
36,31.19
235,40.31
377,51.64
10,17.13
121,31.4
131,22.19
821,1833.35
239,40.71
118,39.06
95,33.79
53,26.46
574,350.62
132,28.1
99,33.96
523,205.83
112,33.37
769,1417.5
277,39.96
341,65.96
1446,10988.67
377,54.71
15,27.34
24,14.25
38,31.47
813,1769.33
125,30.52
10,22.62
210,42.39
764,1378.98
27,19.59
31,30.02
230,40.25
194,42.31
224,38.43
823,1844.55
283,47.04
163,34.41
372,54.88
43,30.53
374,58.29
182,32.18
64,25.45
38,33.35
422,69.81
35,26.27
112,28.37
145,32.52
324,56.07
71,24.12
163,37.87
267,43.74
57,32.62
320,44.29
58,29.18
210,39.81
122,36.07
164,37.42
200,47.4
525,219.94
124,28.8
858,2155.28
153,39.98
1318,8489.86
206,38.16
146,37.02
152,40.34
221,42.38
425,61.73
1091,4832.11
208,35.11
15,27.06
896,2517.88
985,3478.68
167,38.37
240,48.8
148,37.37
229,40.84
700,963.29
265,43.01
526,225.13
390,49.55
188,40.79
131,31.08
984,3477.2
138,34.36
202,33.19
65,27.59
684,860.5
584,395.32
185,38.82
358,54.21
10,25.99
400,63.25
417,67.55
430,63.56
69,19.94
118,37.87
432,71.71
197,41.79
41,24.34
626,571.34
611,518.58
260,46.91
774,1455.33
37,23.49
519,195.39
276,53.45
143,33.25
192,48.22
82,33.06
144,35.41
204,44.4
269,44.72
150,34.64
152,39.88
1037,4113.56
21,25.85
101,1281.6
460,98.0
38,34.92
10,22.18
256,48.56
738,1208.91
207,39.99
39,25.01
665,761.06
198,44.14
436,81.29
163,38.78
403,75.29
515,197.03
82,22.89
127,21.56
389,51.03
70,39.6
176,48.08
558,308.07
300,51.67
215,41.6
234,46.64
10,25.65
60,32.96
420,52.37
245,41.62
80,28.46
460,93.08
292,45.52
32,23.02
330,54.08
1092,4845.91
379,45.51
434,75.87
1500,12151.68
10,33.33
157,37.26
453,83.89
328,48.51
38,28.72
464,101.78
455,84.06
269,41.92
667,775.35
188,32.9
99,33.44
401,66.23
68,31.06
188,34.49
43,25.04
574,360.38
130,31.08
114,34.65
280,44.52
648,672.37
367,54.55
355,62.77
311,51.26
25,34.09
22,27.34
181,35.03
48,29.01
25,30.4
148,36.83
673,798.64
215,33.91
250,54.57
289,54.16
736,1191.15
227,44.09
191,38.75
140,33.77
164,34.82
181,33.65
423,61.07
15,18.39
246,40.68
145,28.0
995,3603.32
97,37.11
848,2064.17
105,33.38
10,32.57
294,47.99
330,49.35
297,44.41
727,1131.57
407,69.19
10,30.47
144,26.61
1500,12153.91
118,34.98
406,59.27
111,36.94
35,30.62
498,158.89
341,53.89
269,814.38
728,1137.8
54,32.17
141,35.31
92,40.81
139,38.07
165,38.76
318,42.81
344,48.96
326,53.22
35,27.96
88,33.5
315,52.27
1500,12159.2
134,30.11
400,68.56
83,26.46
875,2320.64
639,631.43
386,49.6
792,1597.73
528,221.05
401,60.97
134,38.45
163,40.64
380,57.54
1500,12162.81
103,45.55
282,47.1
60,35.09
141,31.0
305,55.89
226,39.05
42,29.41
196,49.5
619,550.11
385,62.76
44,26.81
34,29.34
562,331.09
619,530.7
219,54.32
148,36.52
147,37.85
702,970.28
486,135.98
198,31.77
32,24.35
14,28.2
443,72.29
458,89.96
1106,5046.93
413,68.07
232,40.59
66,36.66
32,29.86
43,26.85
287,52.48
73,39.22
131,38.5
292,56.02
242,37.64
295,43.31
31,26.76
69,24.42
100,27.39
326,54.37
99,34.86
236,43.32
95,36.44
620,544.33
232,40.15
134,35.49
465,99.78
1226,6889.27
442,71.24
563,324.22
43,33.34
406,58.6
423,69.5
331,45.86
77,30.09
10,37.54
275,47.89
108,45.24
455,90.92
51,28.16
148,38.92
1097,4915.05
435,76.53
74,29.33
188,43.71
342,55.56
445,74.11
1069,4536.52
249,41.68
655,699.87
1500,12152.55
10,25.72
1358,9238.97
945,3040.8
528,226.32
537,242.59
236,44.49
590,425.39
499,159.67
150,27.75
176,44.81
119,29.49
436,76.33
96,37.49
271,45.49
80,37.21
1402,10101.43
118,28.72
18,30.88
81,30.49
512,187.18
516,191.06
31,39.93
925,2800.93
127,41.38
58,29.34
107,978.71
115,31.58
127,37.83
135,42.72
233,43.63
1221,6792.54
38,28.81
444,74.74
306,49.34
139,36.44
115,888.05
206,40.04
385,52.45
245,47.21
62,34.27
283,46.54
290,46.38
918,2742.1
286,52.49
104,40.3
269,51.7
116,28.91
308,43.75
186,39.24
22,21.35
456,89.59
43,30.43
227,38.51
290,46.88
154,31.42
59,30.92
136,30.64
984,3463.93
133,24.0
88,30.39
390,57.76
150,39.36
167,41.91
93,41.64
366,55.22
88,36.5
634,608.2
15,31.39
488,140.7
175,39.68
180,34.69
148,40.12
92,26.29
365,55.82
766,1396.06
690,898.36
879,2356.46
356,50.09
255,43.72
234,35.9
260,51.21
73,19.96
76,39.95
125,31.84
78,17.69
18,28.51
78,28.84
78,31.77
118,25.27
437,74.99
245,45.09
501,159.08
367,50.37
144,39.19
467,109.14
46,27.1
568,344.64
64,34.27
95,22.3
1086,4770.86
23,35.46
62,27.48
332,45.34
10,22.63
191,36.05
200,45.2
530,221.97
691,904.83
875,2323.51
520,201.81
190,36.98
117,38.07
14,36.97
411,63.61
400,62.22
196,43.48
126,29.09
486,135.47
16,28.37
181,43.01
115,31.07
660,723.91
1064,4470.46
170,37.86
971,3318.77
488,133.05
12,25.82
240,49.46
144,46.55
609,490.87
406,56.37
41,29.79
251,48.87
651,688.24
647,666.36
81,34.8
149,42.47
179,41.96
313,43.43
99,41.54
295,53.8
80,29.02
10,31.34
203,40.51
223,47.15
86,38.69
138,35.04
400,58.97
155,33.8
295,59.37
1336,8828.09
309,47.68
132,37.53
278,46.93
62,30.3
170,41.89
56,35.45
548,281.7
40,28.57
42,24.03
56,30.9
49,22.7
300,47.87
200,35.04
306,50.99
31,37.26
167,36.79
216,43.46
223,31.38
262,45.05
10,18.63
266,43.89
946,3047.83
301,52.74
669,781.79
135,36.91
546,277.76
50,35.74
61,28.67
494,155.5
217,41.17
752,1311.54
569,339.25
93,30.08
625,569.82
760,1356.92
296,44.26
45,22.31
22,27.49
1060,4414.31
258,33.44
28,26.03
492,1175.0
194,37.75
49,24.96
190,35.76
235,49.14
256,55.39
315,52.74
1008,3755.96
476,123.59
142,39.28
143,31.2
35,33.01
279,49.35
166,36.13
778,1479.59
10,731.66
550,281.42
140,32.3
151,37.7
547,276.88
565,329.52
382,52.78
15,33.31
59,30.01
337,53.12
377,56.95
340,57.1
32,17.29
797,1634.1
85,29.45
31,19.23
10,22.17
297,43.84
1050,4286.41
22,29.19
10,26.83
130,41.9
293,45.62
405,59.39
161,42.47
531,231.14
72,33.21
357,50.18
113,32.46
248,42.96
143,35.66
52,29.42
240,46.85
39,26.23
89,33.12
73,35.45
425,59.86
126,36.73
139,35.25
538,249.9
16,30.72
66,28.69
149,36.79
834,1953.39
16,24.37
73,33.32
363,56.12
339,52.31
715,1051.26
1100,4966.45
137,38.95
633,611.29
611,510.33
1248,7246.18
84,25.34
252,42.28
96,25.19
282,47.6
331,55.87
655,700.07
216,34.86
656,713.67
95,38.07
546,274.97
376,58.76
293,50.45
529,220.29
543,264.22
268,49.25
93,31.46
205,42.43
430,71.85
661,740.64
168,42.69
10,25.06
40,37.32
154,38.25
187,41.69
118,31.04
207,43.09
135,33.03
151,38.07
600,456.23
10,27.73
101,34.05
22,20.81
664,761.68
147,36.45
244,51.56
441,81.69
353,57.59
199,35.66
22,25.56
1311,8360.9
33,26.21
243,38.6
107,38.24
255,46.26
502,162.56
235,44.58
10,21.1
324,55.2
232,48.3
61,27.55
148,37.47
166,33.97
557,308.16
218,40.32
229,46.41
123,47.78
847,2057.34
280,44.27
133,36.87
355,51.4
159,36.62
93,24.04
461,104.9
294,58.47
202,40.2
897,2533.46
518,201.34
10,26.1
435,80.6
186,48.17
172,37.64
130,38.45
57,26.36
639,629.99
151,40.84
491,148.3
102,33.07
68,37.11
126,35.34
616,529.31
342,47.15
205,37.34
905,2613.7
283,47.71
322,46.85
183,34.7
151,44.27
58,32.35
438,74.6
807,1715.1
40,19.96
289,49.56
105,28.22
149,32.22
67,22.55
158,39.59
195,47.29
1500,12160.9
81,30.93
863,2206.04
642,639.01
590,416.74
324,42.97
62,22.76
116,27.21
51,24.9
49,24.1
315,52.12
114,31.36
266,44.96
34,23.71
10,17.9
34,35.07
154,40.18
10,31.88
49,20.26
506,173.14
210,47.0
158,30.17
10,19.89
157,43.22
219,52.45
29,32.42
73,29.82
246,46.8
171,51.78
442,73.41
71,27.06
113,38.6
13,26.78
123,37.45
28,14.18
25,31.62
179,46.63
460,102.39
66,32.77
574,362.4
478,122.56
391,62.45
290,51.82
315,39.93
533,238.18
187,43.1
705,987.89
292,50.44
99,34.96
668,786.21
28,39.18
10,30.95
191,32.98
143,35.35
232,44.06
408,53.24
330,49.01
587,415.97
416,71.82
168,37.86
54,26.89
39,25.04
455,97.53
723,1088.7
14,24.66
288,53.67
532,244.64
161,38.86
61,30.07
260,44.64
74,35.69
254,55.62
90,32.07
41,34.7
220,39.45
378,64.91
231,52.34
57,38.84
33,16.98
453,99.96
83,25.19
391,65.63
24,22.24
1067,4513.09
125,40.23
538,257.04
123,31.37
230,39.61
36,30.88
689,892.5
156,37.13
114,43.61
565,333.61
141,32.02
85,30.04
304,51.07
112,34.28
429,71.29
301,53.6
218,41.53
143,43.33
334,45.62
1325,9472.01
83,36.7
10,22.31
77,33.16
216,35.61
120,31.91
380,47.77
611,500.18
10,23.87
486,134.1
90,28.35
926,2825.37
674,808.05
228,45.18
10,25.69
1031,4044.63
146,38.25
82,35.46
371,49.56
169,31.85
161,35.42
48,28.86
138,39.81
466,112.83
160,41.04
10,29.19
420,66.58
178,44.37
357,57.46
131,34.65
51,28.44
374,53.67
54,31.83
746,1264.67
48,32.99
181,38.12
395,50.27
280,46.88
1331,8728.1
10,19.64
313,60.12
279,55.5
36,36.45
59,35.95
1137,5487.06
115,32.67
91,32.81
139,32.58
81,31.34
353,53.36
61,23.65
83,33.35
57,24.75
104,30.24
56,24.64
489,143.42
271,46.21
58,31.7
142,32.28
129,37.17
106,26.57
137,28.41
167,38.22
204,44.88
54,26.02
253,48.35
108,39.01
93,26.74
213,27.32
192,38.31
59,22.6
442,85.04
1484,11817.37
244,39.07
372,64.75
112,31.47
196,38.87
364,54.28
190,38.86
404,60.57
63,31.26
56,30.01
128,27.39
353,56.68
144,50.1
546,269.43
466,114.39
293,49.74
1148,5661.31
1031,4036.94
82,30.77
74,31.81
52,28.93
256,46.32
218,41.68
404,54.17
280,54.62
46,22.6
209,31.89
725,1109.58
974,3359.69
17,31.91
204,44.69
102,38.37
411,59.96
962,3219.33
530,230.35
97,34.27
698,946.54
128,36.12
552,282.78
27,24.2
44,26.56
697,942.02
1397,9994.14
1309,8315.9
72,35.9
727,1132.33
593,433.69
50,31.12
239,41.2
472,107.5
127,33.23
520,222.2
209,37.54
55,26.15
520,201.05
10,28.95
169,39.37
624,563.23
207,39.82
766,1397.91
59,34.69
606,473.27
68,31.81
277,43.25
232,41.47
145,38.12
62,27.01
650,682.68
513,195.67
452,87.11
178,41.77
305,51.66
147,31.99
220,41.27
278,45.44
497,155.58
1391,9880.86
10,20.66
90,25.75
1026,3983.64
374,55.68
208,47.41
283,44.65
208,33.15
38,21.3
12,30.44
947,3055.66
357,61.75
237,42.3
427,65.97
355,59.67
751,1297.33
268,48.24
104,24.75
108,39.1
135,39.35
143,38.62
556,305.77
1500,12152.87
118,40.08
690,906.87
284,42.68
306,54.35
627,575.19
166,39.45
731,1152.45
10,32.91
10,25.54
572,355.58
80,35.32
228,31.93
103,29.61
312,53.33
640,631.69
1055,4353.96
402,59.72
138,35.46
166,27.33
665,755.19
24,23.45
113,35.1
125,33.06
45,31.4
150,43.7
694,916.96
204,42.31
320,50.52
300,48.63
370,61.53
390,62.35
276,43.77
178,43.03
563,325.09
10,23.52
100,35.03
229,36.94
428,60.72
10,21.07
430,69.9
459,94.98
79,35.77
384,55.91
277,44.43
306,55.01
326,47.97
855,2127.22
833,2575.46
126,38.7
100,21.32
46,22.72
227,46.86
299,46.02
269,40.85
340,56.15
308,38.87
888,2437.29
238,40.84
446,82.14
75,28.62
1107,5049.43
44,31.96
166,27.96
651,681.37
644,649.0
144,35.7
273,47.88
197,39.66
353,54.61
124,33.2
112,36.01
351,54.6
64,32.48
323,47.12
379,66.11
10,21.91
337,49.74
209,1223.33
243,38.24
110,36.84
1500,12160.22
162,35.35
91,30.31
268,47.42
331,58.22
250,50.49
740,1219.5
532,235.8
347,57.73
101,31.1
263,43.21
159,34.99
29,24.86
224,44.25
400,59.42
67,31.07
1146,5614.53
43,23.15
1012,3799.78
44,27.66
117,39.45
47,30.51
47,30.88
96,32.47
87,40.33
706,993.35
10,28.15
115,30.37
10,21.52
130,35.57
21,33.42
324,56.56
137,32.37
246,39.87
367,49.78
510,179.12
77,30.06
190,48.35
20,26.17
312,60.6
10,30.2
960,3191.59
387,53.6
268,50.19
65,33.08
30,25.02
283,37.9
69,31.1
664,763.29
30,31.25
28,28.49
221,41.66
799,1648.94
395,54.17
597,445.69
92,33.92
170,32.09
10,15.09
270,47.03
543,265.52
432,83.28
164,37.69
711,1028.47
502,168.58
13,16.87
30,24.94
182,34.1
55,34.25
57,37.26
142,29.56
16,32.78
263,45.82
376,56.0
270,47.16
61,29.22
417,67.26
210,41.04
86,37.68
442,71.38
383,55.16
354,55.49
186,41.28
63,38.11
275,46.02
83,37.48
10,35.48
296,61.89
117,34.74
192,47.36
468,106.04
148,44.22
254,48.77
244,48.78
237,33.56
373,59.25
705,992.24
619,533.69
193,38.16
1045,4221.42
196,1201.0
527,218.64
99,33.43
784,1534.34
91,27.43
158,36.01
10,22.51
48,27.81
137,32.59
286,48.4
475,121.62
475,113.72
101,29.74
57,29.42
97,35.28
253,41.71
242,45.14
379,58.05
135,30.15
365,59.44
300,51.82
234,41.61
190,40.99
250,46.58
57,19.4
10,15.01
451,82.61
75,23.76
183,39.65
100,38.88
567,331.58
859,2176.13
503,164.91
698,942.7
10,23.57
10,25.34
82,33.23
20,25.9
66,36.98
801,1672.69
111,26.94
427,74.33
341,49.52
38,20.88
182,37.93
105,31.78
24,30.46
10,18.98
162,35.45
449,80.81
10,26.93
298,53.52
1190,6302.68
154,46.2
285,50.5
111,38.61
323,45.74
228,46.54
24,38.31
70,33.84
64,24.7
367,51.34
613,511.79
10,17.71
107,35.26
79,26.0
874,2312.73
48,26.39
570,353.03
360,52.09
38,19.7
177,38.64
97,32.22
51,28.29
208,45.31
421,58.09
309,52.67
361,44.87
56,33.98
137,39.14
998,3633.06
617,525.01
79,29.8
19,24.39
429,65.6
172,35.58
588,417.59
1320,8524.81
369,52.64
308,54.57
26,26.88
56,34.37
612,512.88
123,39.54
186,34.09
330,47.73
278,44.85
718,1065.78
102,28.74
436,80.12
505,168.39
263,48.44
56,31.91
520,197.65
1142,5563.4
688,895.36
258,41.28
384,58.46
291,44.28
331,54.09
470,106.4
556,292.58
182,34.89
518,194.44
346,55.08
10,33.43
459,98.79
12,22.89
85,27.06
96,23.83
99,32.45
1060,4418.35
65,26.37
172,41.76
1082,4703.34
113,32.28
28,23.1
62,34.86
323,52.09
65,30.82
94,32.96
774,2207.87
345,48.6
86,26.98
10,29.99
17,36.98
278,49.81
640,629.53
112,39.05
254,49.1
188,43.89
274,47.36
157,45.02
237,40.32
53,28.18
183,42.82
792,1598.31
1331,8728.09
560,327.28
374,47.86
648,670.82
196,33.66
95,31.36
376,59.37
235,48.89
184,33.72
582,394.96
47,22.5
615,519.13
283,52.39
986,3489.32
83,37.49
196,49.89
1056,4368.42
428,73.16
387,59.13
195,45.39
35,24.37
98,38.71
82,33.8
251,44.99
495,155.37
78,23.79
49,21.27
192,45.16
113,35.12
138,45.39
78,27.36
300,51.4
144,33.58
19,21.07
68,20.95
34,29.53
115,40.28
75,39.05
17,32.39
123,34.05
189,42.27
21,31.05
888,2437.07
182,42.0
865,2222.69
942,2995.41
425,73.01
181,42.32
397,55.97
407,60.74
384,52.37
14,22.06
214,42.9
124,38.72
97,29.17
70,32.91
221,50.85
495,155.24
205,36.93
869,2265.53
1158,5800.61
17,29.61
67,27.65
25,19.15
476,116.23
368,59.7
67,31.76
192,42.93
567,347.25
951,3094.97
343,55.09
180,23.96
113,38.57
196,39.58
720,1087.05
414,71.34
179,37.13
17,28.48
507,191.16
201,44.09
289,58.74
590,414.65
454,89.1
612,519.16
334,52.89
24,24.41
302,53.03
205,49.28
267,34.98
484,138.19
651,698.85
17,32.09
472,106.07
101,28.93
99,42.21
451,90.79
344,49.07
808,1731.62
60,26.47
195,45.61
546,268.3
65,34.47
146,34.17
308,50.59
213,39.06
118,32.04
150,26.38
79,33.87
982,3447.65
52,32.58
78,30.74
100,39.33
1047,4237.32
729,1141.45
516,186.46
43,22.32
381,1467.15
952,3112.75
169,44.46
198,46.31
10,28.09
405,57.87
10,26.53
111,27.41
502,155.6
378,47.99
124,38.76
52,35.54
69,33.24
220,43.15
152,35.46
203,39.86
84,34.41
447,75.23
261,39.33
207,45.47
31,20.78
375,50.07
539,248.42
127,43.11
142,37.02
173,41.34
533,240.79
37,20.4
10,29.81
104,31.48
298,44.06
283,46.04
41,24.27
91,31.26
279,51.09
796,1629.72
348,56.47
285,56.61
182,41.2
631,589.42
30,23.57
144,35.42
10,20.31
326,37.25
159,34.65
326,49.19
68,29.97
1188,6269.24
1480,11725.76
677,818.69
179,42.01
11,20.54
74,28.12
1314,8416.76
196,48.54
52,24.24
251,47.47
222,39.13
105,30.15
143,31.52
433,74.19
137,39.76
531,227.43
13,21.1
10,14.93
578,379.18
365,53.29
99,27.62
321,54.61
117,33.59
406,806.09
168,43.44
251,49.04
874,2302.49
55,31.87
213,40.35
417,62.54
591,426.17
171,38.39
77,31.24
101,38.83
184,36.38
476,118.23
169,39.84
1236,7051.05
494,145.19
43,23.17
194,41.21
374,52.76
874,2304.46
47,28.66
49,30.33
36,29.36
92,40.48
128,44.28
95,28.18
62,31.41
1050,4283.85
477,123.13
429,62.09
135,32.24
39,24.24
337,49.3
293,49.92
150,30.26
939,2961.67
64,32.95
573,363.67
27,20.72
444,79.95
15,29.09
305,48.94
79,25.22
78,25.11
358,61.3
86,33.12
143,32.87
179,26.96
325,46.73
121,28.99
710,1019.2
327,48.89
1186,6232.95
161,35.98
259,52.5
114,34.13
295,41.43
521,202.01
502,163.25
684,868.75
525,212.93
12,34.32
62,34.22
502,156.4
413,64.64
122,32.41
825,1861.14
138,37.03
175,35.1
332,47.91
298,41.41
10,27.2
20,24.99
241,36.72
38,24.66
66,34.25
149,32.07
88,33.81
124,29.4
66,33.19
169,37.68
68,32.44
394,56.61
634,613.89
303,45.04
155,36.65
241,54.85
50,17.15
188,42.34
15,26.73
55,32.72
515,195.79
265,37.23
707,1001.59
10,22.33
392,51.83
310,54.53
260,49.15
92,32.48
10,708.9
314,46.49
157,43.7
267,48.2
69,32.31
1068,4529.47
443,75.49
459,92.18
226,39.32
75,35.6
148,37.7
29,32.23
235,39.1
58,38.76
363,48.97
204,36.23
58,23.3
245,45.66
418,69.28
700,963.38
63,32.46
244,46.85
112,37.98
222,37.99
492,146.14
394,59.73
427,66.47
574,356.09
1445,10983.69
60,752.21
72,34.08
740,2493.15
887,2427.05
401,53.89
34,28.65
67,31.2
300,56.8
168,40.13
152,36.44
731,1140.61
36,26.62
191,41.63
407,65.67
856,2144.78
225,39.15
77,29.8
301,53.32
606,1696.96
260,43.41
777,1478.41
477,113.03
238,43.22
717,1072.08
209,53.3
667,773.08
698,946.5
484,126.82
152,41.07
253,48.68
10,30.48
353,55.47
304,50.39
304,36.77
136,30.3
679,844.64
1334,8784.81
56,37.78
29,32.09
114,31.8
566,328.56
10,21.71
402,61.3
170,38.5
623,557.56
456,97.06
768,1412.68
107,32.37
244,49.54
43,26.6
529,225.09
366,53.57
1028,4007.36
467,112.26
12,23.0
187,36.94
65,30.08
17,29.56
33,31.56
118,35.37
434,73.41
277,49.14
139,38.43
1206,6550.66
356,58.44
354,51.54
47,33.24
78,38.47
122,31.94
355,50.8
1154,5741.86
167,31.46
822,1846.35
132,32.76
113,28.68
256,48.96
659,730.12
14,22.05
295,54.16
183,49.05
390,51.17
671,794.02
113,25.19
254,49.76
65,32.84
354,52.7
388,51.06
29,20.77
1171,6006.29
91,29.53
114,35.68
70,30.85
210,38.04
314,43.28
11,22.48
539,253.48
718,1079.72
10,26.96
859,2168.73
220,43.49
329,50.43
25,24.97
22,29.84
338,54.91
408,55.48
51,31.86
312,47.76
288,45.55
185,37.95
59,30.98
290,41.74
238,42.33
460,100.2
117,42.01
501,169.64
232,41.04
403,56.23
10,24.12
594,423.36
272,33.65
763,1378.31
1018,3876.1
71,33.65
130,35.68
127,38.27
35,23.59
466,107.41
21,36.22
46,27.0
137,34.79
176,42.2
274,43.85
20,31.88
665,757.4
188,41.66
73,31.37
86,32.61
56,34.39
192,37.95
291,43.95
98,33.52
139,41.44
33,33.6
853,2115.6
883,2398.39
18,33.35
1165,5912.35
63,35.73
229,40.19
59,32.6
50,36.56
1500,12161.84
177,41.43
857,2145.34
329,55.15
47,37.66
154,35.39
139,43.65
54,35.04
89,30.97
160,33.46
207,42.86
188,40.27
29,22.58
510,184.27
56,41.79
1004,3708.84
10,16.09
268,43.39
425,59.31
102,31.2
374,50.94
495,150.42
218,39.43
1479,11708.69
148,32.97
112,35.27
643,645.74
67,27.66
60,19.71
38,33.83
587,416.59
484,135.73
19,25.1
339,54.32
60,25.36
37,32.07
22,28.92
85,26.32
395,59.63
484,127.98
490,144.0
894,2494.41
153,37.25
261,49.54
388,48.08
111,33.47
361,60.54
85,28.33
102,34.73
276,48.34
738,1214.17
119,32.8
61,29.55
468,101.28
21,33.05
318,50.12
274,41.43
23,25.53
999,3643.13
84,32.99
292,50.37
912,2681.54
154,26.97
176,44.28
97,33.86
358,61.18
273,45.51
574,367.17
301,49.92
124,33.13
215,39.83
407,55.28
102,29.61
708,1012.44
90,26.26
68,35.43
793,1605.93
632,593.08
529,230.73
578,377.4
219,47.96
22,33.08
282,47.53
156,40.05
32,30.8
22,27.22
24,27.7
45,24.9
726,1117.42
277,56.61
67,23.08
386,57.23
322,48.14
89,40.35
35,29.45
115,30.48
694,918.42
26,28.45
70,23.62
17,27.97
325,57.34
33,20.16
86,23.08
692,908.0
554,302.38
15,30.12
106,35.15
1333,8769.21
279,44.62
64,34.85
226,44.16
101,39.0
142,41.26
125,34.92
180,42.16
272,42.38
674,810.76
294,50.49
657,714.8
751,1298.8
300,39.43
79,29.65
157,40.55
213,39.58
191,36.95
409,60.75
155,36.17
206,39.02
124,27.32
15,27.18
493,153.11
237,46.93
349,53.54
367,59.11
279,51.5
98,31.37
675,809.1
669,791.25
297,53.19
174,40.93
19,27.61
93,21.82
402,62.98
10,27.67
240,45.35
43,24.88
122,32.77
997,3622.86
226,46.22
37,25.75
152,37.18
56,23.75
157,34.52
373,53.7
10,25.63
386,63.43
95,35.74
83,25.97
890,2465.01
420,65.38
146,34.99
62,31.63
144,39.88
328,49.8
64,35.16
49,23.19
745,1259.26
547,270.03
489,146.48
157,28.08
210,46.54
170,39.12
228,46.29
452,93.46
186,44.56
716,1058.83
31,26.65
254,42.0
498,154.75
128,30.88
10,22.73
10,25.55
218,49.48
68,27.78
393,53.5
109,29.13
569,350.47
62,28.38
77,33.26
579,377.28
317,44.45
972,3336.96
175,38.03
259,46.58
35,25.51
449,81.32
576,368.96
80,31.99
340,62.25
818,1805.49
1230,6954.43
214,41.65
96,37.66
253,41.98
257,41.21
356,51.58
639,632.36
571,344.38
58,21.95
485,132.45
112,34.38
49,31.23
16,21.04
337,47.28
19,25.55
148,40.18
389,59.18
27,28.87
82,41.27
795,1609.66
137,38.54
173,37.42
462,99.25
856,2134.06
228,45.77
131,30.2
46,27.3
755,1318.25
454,94.17
199,36.83
71,33.48
101,23.76
179,36.19
13,23.74
1140,5534.93
981,3437.86
74,27.41
518,192.5
124,35.59
910,2665.32
58,26.26
128,35.67
244,48.54
40,35.4
323,51.19
200,42.07
69,34.16
234,37.31
315,53.46
164,50.18
29,32.66
398,56.52
27,20.69
425,69.23
10,24.29
568,344.83
472,104.14
101,40.89
566,335.83
291,57.26
146,41.72
10,34.73
363,60.22
264,42.4
785,1538.12
899,2555.64
88,39.49
813,1772.86
179,49.16
129,30.92
64,27.1
770,1427.91
1362,9314.68
480,129.24
618,541.46
11,24.34
341,48.52
431,64.54
169,32.99
111,35.56
46,30.18
98,30.95
477,119.09
484,130.13
413,56.62
62,30.5
66,38.07
79,33.06
53,32.5
214,40.47
966,3266.62
155,44.07
58,35.42
55,29.98
309,53.41
563,326.96
53,28.35
28,29.13
210,38.32
211,39.97
54,27.71
107,36.98
242,42.34
1000,3658.05
590,418.71
231,38.69
113,41.95
234,56.2
552,291.0
379,59.33
477,118.65
170,37.28
1070,4539.47
524,216.1
59,30.21
429,73.09
10,23.8
10,18.77
293,45.23
518,196.9
98,38.62
309,54.16
10,23.73
373,49.02
48,24.68
617,528.35
700,959.88
197,42.32
10,19.29
35,32.82
11,26.5
93,30.79
140,34.11
608,494.96
277,54.47
110,36.44
233,47.98
550,280.58
61,29.52
365,58.25
69,31.17
339,59.88
407,65.7
110,36.1
1349,9065.65
26,24.02
540,254.41
443,88.02
501,156.47
106,31.31
691,906.5
600,450.33
20,14.25
286,43.5
44,23.47
49,34.63
220,44.46
43,27.23
67,32.78
20,19.89
174,34.71
77,37.44
555,299.67
10,28.83
409,58.63
1032,4061.68
1010,3781.35
164,40.39
123,33.83
28,25.53
148,33.42
273,48.63
63,26.55
283,45.12
75,29.93
610,499.03
74,32.39
396,48.24
10,25.99
408,60.91
161,40.19
246,50.81
145,25.2
69,29.55
78,37.19
14,34.95
298,48.15
178,34.05
85,40.45
171,38.86
1232,6982.91
661,732.47
336,55.83
162,33.09
369,52.42
384,49.99
207,40.6
230,56.7
332,52.12
560,320.03
281,47.53
428,73.84
54,21.37
320,55.63
19,28.31
311,51.51
303,44.29
511,180.97
226,41.13
704,989.86
1500,12157.01
123,39.59
120,34.73
153,38.54
979,3411.11
87,36.15
324,41.18
63,33.51
42,24.38
276,42.88
48,23.17
86,31.11
291,58.06
434,67.27
306,43.67
205,29.57
216,33.88
250,42.03
148,38.4
357,54.2
97,24.96
874,2303.17
267,56.73
198,47.55
96,34.79
315,54.17
24,26.97
10,18.63
173,33.35
72,32.52
171,34.07
39,36.08
177,41.58
263,49.34
394,48.46
88,32.58
90,34.68
116,32.63
233,43.11
15,14.6
415,59.37
202,52.83
524,217.52
153,38.04
204,40.28
101,28.98
69,29.81
126,25.1
37,31.78
342,54.19
10,31.18
274,49.31
106,32.64
1003,3704.92
225,48.07
238,49.55
203,47.49
388,40.67
248,38.51
342,53.6
255,49.04
223,37.53
156,32.03
552,293.61
127,31.22
90,32.24
375,51.75
124,44.88
219,39.55
149,42.1
19,21.74
401,67.37
227,50.1
10,1332.02
134,31.68
359,57.79
143,34.49
367,46.81
457,89.95
70,38.46
204,38.13
237,40.47
984,3467.72
295,47.0
484,134.24
246,39.91
23,25.24
48,32.98
330,52.07
235,40.7
15,40.17
397,58.15
90,26.79
235,53.06
70,28.82
314,46.88
111,34.5
74,25.18
158,39.55
125,26.98
292,52.28
489,137.96
280,38.66
64,25.46
243,42.56
99,27.87
929,2862.41
243,46.08
700,960.47
387,50.02
476,107.76
585,409.58
311,49.51
10,23.86
180,44.04
259,45.02
155,41.71
349,55.63
333,45.61
49,26.14
170,42.61
521,216.81
303,43.27
594,443.02
109,23.71
287,47.56
273,47.21
24,31.06
315,44.53
66,26.1
223,43.07
828,1884.16
24,21.71
22,22.38
918,2743.71
566,333.23
546,271.02
525,216.74
592,428.52
129,39.65
606,490.82
53,29.35
191,49.09
140,37.26
70,24.17
44,19.89
141,30.46
154,39.46
952,3108.28
248,43.33
270,48.83
379,63.83
148,35.65
595,446.2
120,24.57
265,37.85
535,235.11
389,59.41
564,320.05
611,510.38
919,2754.35
251,43.76
424,62.62
331,49.74
10,31.73
65,31.66
138,42.2
473,111.35
10,27.89
96,32.71
478,115.57
266,45.11
212,33.9
232,33.5
188,46.18
485,133.12
156,39.64
387,56.32
425,67.92
169,36.94
344,50.83
388,55.9
459,90.83
521,212.41
294,44.32
196,37.89
50,22.36
10,30.7
506,170.1
260,46.49
27,30.07
324,63.78
31,30.11
10,29.44
37,33.27
61,16.83
29,18.1
185,43.22
467,115.88
146,39.67
173,28.23
269,46.5
10,30.05
905,2601.74
29,21.58
80,34.85
237,46.88
121,29.86
634,602.19
316,53.54
58,32.28
392,58.69
84,30.7
10,30.06
1159,5822.5
627,569.61
237,37.6
261,49.25
142,36.54
54,34.5
71,33.11
70,28.2
420,69.6
69,33.96
129,40.8
293,47.13
708,1013.73
14,21.92
51,27.91
208,41.9
138,30.78
277,43.49
221,37.83
781,1516.14
962,4359.77
383,59.56
176,32.79
723,1105.73
22,27.94
337,55.72
518,192.31
529,231.68
456,103.09
420,61.51
438,78.5
674,814.56
22,27.84
207,48.54
386,59.25
240,46.34
218,32.28
716,1059.64
318,58.07
1500,12162.63
64,26.78
226,42.81
65,32.08
269,35.53
104,1005.96
342,51.58
135,33.11
350,59.37
98,31.82
110,38.12
21,25.1
481,121.25
311,49.68
130,36.09
297,60.52
10,20.18
68,31.71
53,35.09
89,39.89
474,110.54
194,37.41
228,41.77
593,429.15
14,29.66
214,31.78
20,29.4
23,33.77
177,42.83
482,121.34
576,363.52
321,50.3
790,1577.71
10,23.51
115,26.52
390,48.92
429,62.37
464,103.91
199,41.37
263,44.68
111,1419.22
221,41.08
277,48.75
85,29.18
709,1017.7
85,29.69
202,36.79
918,2738.4
441,74.01
815,1776.37
666,773.01
20,27.97
250,45.03
200,40.45
428,72.68
167,38.06
18,24.59
90,30.82
84,38.28
145,39.69
785,1545.29
828,1884.95
113,33.56
201,40.15
433,63.83
441,81.21
173,35.99
978,3408.56
931,2886.27
69,37.69
231,47.86
41,31.2
93,35.14
27,19.87
235,35.51
428,69.52
144,42.98
29,28.24
218,38.57
74,35.99
272,37.92
49,26.77
24,28.79
100,27.78
234,40.34
312,48.13
353,43.55
884,2404.99
1142,6580.76
407,65.32
20,28.07
166,39.53
666,766.68
590,417.84
574,368.66
128,38.88
233,34.83
174,29.37
89,35.09
24,25.91
284,49.89
225,45.58
99,34.66
225,44.5
262,43.42
81,27.58
1324,8595.17
338,50.56
552,288.71
304,53.94
76,36.81
288,35.47
152,39.54
147,19.04
33,13.6
1079,4673.44
49,31.17
299,53.62
73,33.97
117,34.06
794,1617.0
124,36.87
80,29.42
317,58.12
819,1811.93
95,40.12
539,256.59
177,46.85
407,64.37
216,44.51
32,22.69
1252,7314.81
171,40.6
666,764.8
17,27.4
110,37.0
49,32.19
663,753.05
23,27.54
10,24.64
172,47.49
932,2890.79
715,1058.0
182,40.59
18,28.15
346,46.25
22,28.78
476,111.26
326,51.02
1500,12160.04
22,29.25
383,57.66
16,26.72
190,41.46
17,37.55
209,48.38
325,50.05
1500,12154.99
82,34.81
130,33.12
291,44.55
346,44.12
337,50.7
204,40.84
22,20.4
221,41.26
58,30.91
52,39.53
758,1334.63
110,32.76
10,30.34
17,16.82
175,40.24
284,55.92
402,49.74
916,2725.91
47,30.01
731,1164.33
317,47.34
136,32.8
131,40.5
126,35.66
275,41.35
299,59.02
911,2668.35
267,49.42
181,46.59
687,883.27
98,39.14
102,38.72
74,32.23
20,28.86
316,48.25
30,22.18
73,29.97
400,59.2
39,35.19
185,47.64
10,26.2
1336,8824.16
342,54.3
15,24.74
893,2490.27
186,40.65
37,20.34
427,67.92
14,27.98
75,30.53
342,50.81
659,731.16
26,28.75
672,798.62
336,50.61
88,26.68
180,38.24
66,27.57
46,21.1
1368,9426.71
26,25.94
300,48.74
133,36.04
427,64.76
159,45.3
254,41.13
382,49.86
309,48.12
143,32.66
174,42.9
59,30.11
58,28.01
50,29.28
427,63.36
42,31.76
381,49.26
77,25.66
152,45.11
164,42.01
26,23.05
521,209.61
39,24.73
224,40.73
488,143.81
133,30.51
33,28.45
301,56.75
633,604.72
52,27.61
118,32.82
79,29.26
210,39.83
456,90.48
595,441.51
63,26.31
1083,4715.78
878,2337.31
45,25.31
69,25.52
105,769.86
229,40.33
705,988.86
1500,12160.59
85,27.28
578,382.18
18,22.68
55,29.06
371,64.04
319,56.2
788,1573.23
88,31.77
78,36.23
279,49.98
449,78.8
231,47.99
119,32.51
547,278.09
381,57.29
622,540.68
43,21.95
372,62.68
368,53.01
351,49.73
16,34.21
166,46.92
201,38.22
208,38.6
381,51.85
767,1403.94
182,40.57
1131,5403.44
425,57.86
113,34.7
20,17.29
111,32.28
397,58.21
207,34.45
122,29.81
222,37.7
37,25.34
106,39.72
355,1415.5
747,2635.66
314,45.87
347,61.22
160,37.0
32,28.62
105,36.22
458,90.09
679,837.13
323,51.49
338,48.16
251,45.8
167,41.07
551,280.41
449,82.01
131,36.66
223,37.85
363,60.23
23,28.46
550,288.32
104,24.98
131,30.24
238,42.65
129,23.21
268,48.05
519,198.98
10,24.86
230,40.52
386,56.64
21,26.59
1012,3804.86
216,45.05
65,28.2
147,36.19
483,137.66
25,27.7
711,1023.41
57,29.75
289,44.68
175,41.87
275,51.05
194,38.12
137,36.21
50,26.74
13,27.49
448,81.32
174,51.21
365,48.7
303,46.55
73,28.88
261,41.61
10,28.75
322,49.96
417,62.77
52,28.69
91,25.97
414,58.31
888,2442.04
122,42.2
506,172.66
282,47.64
290,51.52
10,29.91
452,92.05
105,33.09
87,26.76
477,124.33
951,3093.59
245,48.45
118,36.63
102,26.56
762,1365.48
524,220.13
136,44.64
365,49.96
386,54.3
296,48.41
485,135.01
160,36.03
547,267.28
667,777.32
122,37.96
260,42.39
908,2642.96
18,20.02
103,35.73
39,27.41
536,252.99
153,31.0
36,27.89
368,59.87
95,34.63
329,46.18
320,57.93
58,23.49
338,49.38
26,29.74
71,24.17
465,101.35
32,27.48
121,38.31
429,71.78
221,37.89
324,51.62
15,29.22
12,16.91
299,59.4
296,44.96
79,28.69
181,42.55
349,49.86
273,47.35
39,31.43
10,25.78
10,32.02
462,98.07
255,45.07
373,58.01
103,32.28
137,35.55
155,36.31
179,45.08
70,32.58
232,40.63
13,28.57
119,34.22
269,39.0
560,312.66
378,55.4
315,56.86
704,974.44
10,31.55
92,22.28
451,79.14
48,29.93
314,46.13
176,49.58
677,820.64
160,36.68
147,46.29
462,103.97
322,52.3
420,65.73
28,26.95
47,32.87
153,38.12
90,33.06
624,561.23
83,36.2
168,43.63
329,43.69
25,26.57
1018,3885.52
31,24.27
853,2117.9
325,52.3
20,29.67
496,156.0
16,28.68
123,36.71
39,35.85
389,62.01
209,48.15
56,43.66
258,863.67
428,63.45
249,47.5
650,689.48
356,63.64
481,122.27
556,304.52
378,54.76
139,37.91
10,24.76
19,19.29
10,28.89
832,1926.07
463,98.0
16,26.04
169,41.82
572,355.43
35,30.84
217,52.72
199,31.82
193,40.18
394,45.01
22,28.04
221,42.1
259,38.14
681,845.44
27,31.72
72,32.67
472,113.65
398,57.92
139,39.2
149,38.02
104,25.31
36,24.04
131,35.25
345,50.9
336,53.62
92,32.87
81,35.21
555,298.48
176,43.12
41,17.56
10,22.58
770,1426.36
261,40.45
17,28.8
214,42.96
249,48.78
315,47.49
186,29.62
190,34.68
526,219.14
180,41.0
420,67.29
117,28.58
104,28.1
481,123.27
1102,4978.28
213,39.5
497,147.4
21,22.84
216,39.89
59,36.61
797,1638.99
10,24.48
1173,6035.51
23,23.97
220,47.99
536,245.61
172,45.14
359,55.52
849,2085.13
504,180.43
28,32.32
145,33.1
715,1055.07
551,280.64
521,198.51
265,42.59
546,284.45
470,112.43
72,29.99
70,28.04
413,60.48
56,29.81
356,56.08
262,41.99
71,12.4
65,35.61
115,30.41
16,28.43
195,32.05
547,272.3
959,3174.84
23,29.6
10,24.2
44,22.86
460,97.38
93,45.43
39,29.98
600,457.15
450,77.14
575,362.58
476,105.25
851,2096.65
141,31.46
300,54.3
317,51.96
60,24.11
141,30.22
256,45.46
108,28.81
142,30.22
39,879.39
87,32.01
67,26.54
307,45.39
381,60.27
103,36.11
285,47.63
330,50.93
240,47.1
152,39.07
275,51.3
76,32.9
136,33.68
317,54.66
400,53.64
454,92.79
19,25.0
520,196.7
19,23.28
351,53.33
177,42.93
328,50.97
531,238.92
266,52.86
865,2224.21
134,32.08
60,34.63
390,59.03
154,41.42
223,46.53
122,33.54
470,111.43
214,46.44
315,50.4
96,29.18
245,40.69
152,38.32
10,24.11
553,286.52
43,38.09
115,33.42
693,922.65
127,37.46
64,27.16
38,28.73
101,35.85
182,36.85
173,32.99
180,34.57
105,26.79
320,50.04
151,45.15
697,937.66
242,43.88
147,31.26
271,44.68
245,47.67
294,45.54
47,42.2
245,52.31
751,1284.27
505,169.44
257,52.13
187,37.86
320,60.69
34,20.73
45,26.73
102,39.62
240,44.05
228,47.19
281,47.53
156,32.52
43,36.42
47,15.2
808,1716.92
223,39.37
78,29.41
29,22.8
134,39.62
224,45.32
77,32.65
132,30.57
34,23.95
62,30.99
125,35.24
80,31.22
519,208.24
1298,8117.26
135,36.67
243,43.44
322,44.37
701,966.1
40,33.36
462,102.87
30,43.93
154,29.8
136,37.16
10,24.3
335,52.84
158,33.02
130,33.64
157,34.58
68,30.63
180,44.14
303,47.05
23,24.04
108,34.54
467,102.66
296,43.78
468,100.88
568,338.78
62,28.36
120,32.99
403,59.41
147,41.58
399,53.58
112,34.33
221,44.57
273,53.03
379,44.9
25,25.05
126,26.29
76,25.51
65,31.54
1227,6891.38
14,23.28
32,27.41
256,49.34
599,463.14
26,28.48
594,441.68
225,46.16
182,34.1
25,35.3
99,25.11
716,1054.84
31,20.89
138,30.73
275,46.5
87,31.25
569,341.93
490,146.56
64,27.92
55,36.18
10,1052.97
519,203.45
10,21.89
283,49.5
223,41.83
239,48.38
245,52.52
85,41.39
212,44.13
484,132.84
491,143.47
215,35.43
150,43.8
335,47.43
162,43.11
248,40.18
231,40.0
70,26.46
401,58.4
23,34.17
96,24.46
117,37.21
10,717.48
275,44.96
450,85.41
434,66.42
301,44.69
391,60.83
154,52.73
700,964.1
212,42.41
548,284.07
487,134.24
291,53.41
99,31.51
107,32.01
196,34.18
1493,12010.06
55,36.79
150,28.86
10,26.91
26,26.16
344,48.29
190,41.33
559,317.43
291,41.19
65,33.59
616,524.74
27,25.6
10,23.27
43,37.34
189,40.6
123,33.78
479,131.44
863,2204.05
114,26.82
210,44.32
320,52.83
68,30.89
10,21.43
616,532.31
95,33.65
104,21.88
260,49.3
118,35.65
16,29.21
761,1374.04
325,48.83
31,27.05
72,36.53
491,149.94
99,30.81
176,44.94
268,45.92
564,327.14
409,67.09
142,24.37
348,52.43
203,38.7
243,48.43
767,1407.5
46,37.83
510,180.04
135,38.38
343,55.37
283,52.66
75,22.46
340,53.8
176,38.25
48,39.77
118,38.19
63,30.06
121,38.42
123,36.19
160,34.88
273,45.34
40,29.72
1423,10524.06
266,48.92
87,27.41
30,23.28
306,50.39
121,25.75
143,38.22
82,32.97
136,36.79
222,39.44
150,24.09
168,40.93
229,41.96
248,46.16
794,2391.7
231,42.57
395,53.46
78,25.83
161,31.78
614,515.23
63,29.81
101,31.6
149,43.17
34,30.0
233,43.23
128,38.12
122,34.12
134,44.03
154,40.36
666,763.7
234,39.66
55,30.61
68,39.43
70,32.85
47,28.84
10,29.4
20,27.22
208,38.73
455,90.87
104,32.82
170,36.53
174,26.87
364,61.64
37,25.5
130,33.54
227,43.73
883,2389.84
150,32.38
155,38.29
206,46.62
317,63.9
364,54.02
875,2319.68
59,32.59
47,25.26
246,41.82
184,40.23
1070,4543.35
36,32.88
382,49.85
397,56.46
112,37.38
26,16.9
203,36.16
88,41.94
237,38.96
50,25.0
272,49.45
11,26.54
39,32.74
10,25.44
117,32.13
238,36.53
425,70.64
245,49.62
25,23.31
1246,7214.26
72,33.08
78,23.25
410,71.8
585,411.81
105,35.45
548,268.44
180,35.3
1028,3998.42
297,41.05
260,33.55
553,297.76
328,52.79
846,2042.68
495,142.48
52,27.75
703,985.98
419,63.15
301,50.33
216,43.95
166,46.12
24,32.42
39,23.5
126,37.18
440,65.87
294,47.38
51,28.63
231,1076.54
369,50.52
329,45.87
132,35.93
716,1056.7
316,55.73
83,23.18
171,43.24
275,49.87
36,27.35
610,500.53
42,31.0
375,61.71
646,671.93
271,46.5
34,28.6
757,1331.17
671,799.45
1500,12166.2
398,58.96
358,48.18
36,27.58
749,1292.44
367,59.46
261,40.84
77,28.18
565,335.06
243,46.77
489,135.31
10,24.92
63,28.52
422,60.02
71,24.72
196,45.15
297,63.06
14,26.35
751,1293.12
306,45.08
10,25.69
475,120.27
203,49.15
361,55.86
195,31.55
318,46.41
113,32.83
67,31.03
271,44.88
470,104.85
89,33.52
33,28.23
178,46.23
68,26.05
245,44.13
433,64.14
517,192.27
287,38.24
27,27.77
175,39.84
483,121.22
231,43.31
225,40.97
157,36.36
192,42.88
201,41.25
769,1424.79
228,36.03
1097,4920.78
202,39.83
281,52.11
57,44.11
154,33.48
500,158.92
19,18.63
171,41.28
10,18.38
104,39.21
15,31.59
53,33.89
93,33.23
89,31.18
140,40.77
20,27.34
348,58.28
154,31.22
946,3044.88
130,31.7
746,1259.98
85,34.19
92,31.16
175,47.94
439,74.84
118,41.67
75,33.39
72,28.87
277,45.74
163,39.89
545,272.48
258,43.48
149,38.28
643,650.41
23,24.9
371,47.54
165,42.79
628,577.41
463,96.85
228,53.56
120,42.52
191,36.23
70,33.07
161,26.4
25,28.22
136,32.94
96,41.43
293,42.15
63,27.03
791,1581.81
826,1879.11
484,132.37
563,322.26
222,40.45
115,34.99
457,85.75
143,32.86
372,56.71
815,1780.09
10,40.62
20,17.98
149,33.09
71,22.72
404,61.95
241,39.91
343,60.57
276,47.65
52,26.56
229,44.41
217,49.22
569,348.47
21,24.77
915,2707.76
1298,8123.99
10,23.53
213,38.95
110,39.77
161,39.24
206,40.49
808,1719.77
450,89.06
837,1971.65
407,61.49
21,35.34
1337,8840.46
748,1273.12
10,24.72
174,33.29
442,67.66
386,54.52
1338,8866.8
151,28.17
887,2431.47
194,37.78
105,25.82
264,51.26
206,44.72
153,33.67
376,51.9
527,214.89
46,34.08
12,25.49
477,118.2
21,34.93
36,23.32
351,49.36
10,25.5
155,39.38
335,47.01
149,41.6
972,3335.46
158,41.54
28,30.38
149,44.64
38,35.5
470,117.41
635,605.86
279,52.6
346,49.4
57,30.51
395,61.47
51,28.47
595,437.86
93,38.53
302,39.62
165,34.18
247,38.59
269,47.72
440,82.45
133,43.41
330,55.88
494,146.97
259,41.1
149,40.48
180,47.11
470,104.94
68,31.18
255,41.95
51,29.13
899,2551.96
383,62.74
76,31.09
313,43.96
25,22.24
95,35.58
634,609.97
182,45.34
347,43.95
126,33.21
56,38.39
51,24.89
366,53.35
155,41.97
610,498.88
24,35.08
602,467.9
36,35.78
370,55.5
702,972.25
91,36.81
924,2811.51
119,33.36
502,163.72
811,1742.23
10,1317.77
756,1333.67
292,45.95
272,40.49
32,24.86
1430,10669.61
155,45.66
107,32.37
72,28.82
533,234.93
170,37.58
86,30.61
13,21.51
336,54.22
410,55.86
530,231.15
105,31.85
74,26.35
133,37.04
472,109.23
173,31.09
11,19.37
10,20.25
205,49.6
292,44.43
17,20.49
170,34.08
174,35.47
103,27.75
44,17.72
124,24.55
230,46.07
207,48.99
549,282.31
349,49.38
212,42.35
48,34.21
70,37.15
247,48.01
204,39.05
410,64.74
19,24.47
83,25.14
710,1028.82
251,41.62
50,30.25
607,488.2
133,36.39
308,45.94
227,39.35
277,48.95
10,34.85
21,23.92
28,23.35
391,54.32
150,34.92
386,49.02
250,46.77
464,789.66
89,35.8
123,34.62
71,38.41
1070,4549.75
355,56.04
1121,5255.36
1256,7384.65
231,53.83
207,39.48
723,1112.23
41,28.86
75,35.78
916,2725.72
336,59.35
637,627.6
168,41.87
485,128.23
45,28.92
92,37.45
101,31.56
10,30.53
41,30.43
10,30.82
80,30.43
985,3481.32
10,27.81
296,46.93
22,25.44
380,53.25
133,35.42
800,1669.93
115,44.29
826,1879.1
182,47.66
199,41.2
256,50.04
1500,12161.07
372,56.25
186,48.88
353,51.76
45,30.49
596,436.65
718,1068.98
423,64.65
61,37.91
414,54.35
74,30.16
44,26.65
321,58.49
94,32.98
997,3625.98
520,202.15
10,30.59
54,34.5
197,28.91
45,25.21
190,28.79
818,1811.16
157,34.86
28,27.97
112,40.18
15,27.11
328,49.47
575,370.88
1367,9413.87
39,19.9
158,37.83
460,101.02
19,27.02
185,45.77
82,42.08
182,43.07
258,46.43
346,57.95
504,161.61
20,25.16
43,17.41
321,47.3
75,27.57
371,54.94
1016,3851.68
400,59.8
515,194.46
41,29.97
533,236.54
383,63.5
82,23.47
241,42.6
68,31.34
68,29.21
844,2033.35
591,429.44
478,116.7
1288,7943.62
89,41.19
17,26.77
90,29.72
634,606.07
427,66.12
157,39.77
10,18.04
224,47.22
183,39.45
545,278.15
722,1100.42
97,34.23
291,40.92
569,340.35
918,2734.17
27,24.21
622,555.03
186,38.57
259,51.53
17,25.45
571,346.92
135,31.86
110,36.81
496,137.39
333,50.37
544,260.52
228,32.91
719,1076.35
158,45.11
563,334.81
242,40.57
173,44.12
346,45.23
768,1419.3
385,55.26
500,147.17
25,29.83
65,24.9
83,31.91
30,26.12
222,34.1
1352,9122.08
440,77.38
52,34.81
209,35.99
283,45.42
177,40.85
672,795.08
195,40.48
907,2626.12
56,33.0
166,39.32
61,26.08
1418,10426.51
262,48.76
89,34.46
150,41.67
26,25.98
89,30.74
23,707.75
17,24.47
818,1810.02
111,40.22
77,38.2
10,28.39
10,19.94
657,725.1
15,24.73
445,79.78
807,1715.26
295,45.35
169,39.39
41,27.9
535,246.69
173,41.54
11,26.45
161,37.6
329,48.41
778,1493.44
11,33.63
705,988.33
304,51.85
82,30.79
345,52.45
89,31.59
88,20.0
841,2018.04
50,35.65
277,48.22
394,57.61
231,57.13
194,49.5
261,50.64
204,44.4
159,37.11
98,36.69
109,26.73
379,50.73
10,17.2
76,25.14
200,43.49
181,38.81
82,36.37
65,24.86
241,42.12
35,30.09
317,46.59
246,44.04
172,40.91
40,29.91
219,39.18
47,32.03
121,36.04
262,51.56
630,580.0
359,48.37
217,40.09
168,42.68
269,51.92
10,27.44
357,50.56
76,25.6
835,1941.51
515,192.69
399,53.37
34,39.39
172,32.18
284,41.56
122,36.03
1035,4095.94
33,31.99
10,26.86
396,54.05
228,50.3
98,34.58
129,39.3
38,26.98
117,31.18
218,40.98
739,1208.49
399,58.48
28,25.44
264,46.34
381,56.06
99,31.51
40,31.35
505,176.3
85,39.86
28,31.17
43,32.85
406,59.32
255,53.23
27,34.0
636,614.5
12,30.46
168,43.39
349,52.69
101,29.64
93,35.5
485,136.68
198,37.4
380,48.88
464,102.12
695,928.93
40,21.32
80,31.42
75,25.8
146,33.77
435,69.82
267,39.43
253,39.44
34,27.11
465,104.19
167,34.9
72,41.55
76,1336.23
877,2331.9
12,19.54
32,35.58
142,34.93
495,148.72
199,55.71
231,41.02
10,27.68
52,30.97
181,46.19
399,52.3
29,29.02
465,101.42
160,38.84
172,38.28
226,50.2
10,27.61
44,26.97
135,40.5
1121,5256.93
283,45.2
82,30.13
439,71.44
271,42.0
20,26.0
438,77.57
281,47.84
533,237.74
274,55.03
494,147.22
10,19.11
133,39.04
261,42.92
182,38.95
131,34.55
551,289.09
44,22.71
355,65.48
979,3407.93
15,32.51
199,50.14
455,80.49
141,44.87
312,51.1
457,93.24
295,53.32
340,52.62
200,46.34
39,26.02
370,52.06
1500,12153.35
489,136.63
237,40.65
10,19.15
154,33.81
607,1318.36
85,25.01
204,43.4
39,41.1
132,34.32
547,281.18
463,107.6
67,39.75
107,37.09
168,42.81
522,202.97
329,47.02
287,45.13
329,57.82
21,28.81
565,327.88
620,546.16
332,57.12
644,660.83
359,58.6
10,32.92
46,31.88
380,62.81
736,1188.58
1185,6217.79
579,383.95
474,112.59
315,51.99
63,31.78
37,19.57
447,79.18
471,115.07
10,32.06
272,41.98
249,48.11
233,43.83
76,29.34
66,34.45
986,3492.75
133,43.05
184,42.97
390,63.57
407,50.77
203,45.73
36,17.07
880,2362.67
50,35.33
670,788.65
130,41.52
304,51.88
46,28.99
315,46.55
222,37.0
464,107.73
49,28.88
75,33.83
1071,4564.64
29,18.03
440,70.9
307,53.26
822,1837.54
215,41.01
23,22.69
911,2672.75
348,58.17
94,41.35
163,29.82
200,40.48
299,50.94
57,22.66
323,55.69
31,34.06
523,212.1
793,1605.78
10,28.13
597,440.35
625,564.41
66,23.81
856,2139.59
186,36.51
317,44.42
154,46.75
129,38.54
288,50.14
972,3340.04
93,33.63
155,38.77
463,104.51
239,39.56
48,35.09
156,33.19
256,45.06
112,31.22
389,61.07
595,440.61
203,45.41
91,33.8
1477,11658.45
280,41.56
74,31.37
1066,4499.68
511,177.55
237,47.39
352,56.26
25,26.58
394,53.37
279,46.85
95,31.86
31,20.02
221,37.65
649,683.11
352,59.83
124,34.8
530,226.79
299,44.95
525,213.27
90,27.47
94,32.13
601,457.96
159,33.78
10,31.1
168,43.41
493,151.26
192,33.12
62,36.2
87,34.99
330,49.93
446,74.15
388,61.7
92,28.3
320,53.84
446,82.23
328,46.97
131,37.45
13,29.63
279,43.82
512,183.57
84,21.24
98,33.5
94,31.45
62,27.91
1436,10802.0
155,36.95
457,89.61
259,56.75
83,27.32
180,36.52
414,59.45
91,34.65
485,128.5
301,42.24
570,349.31
67,38.05
138,36.21
386,63.02
86,35.54
41,26.07
37,26.75
266,50.66
10,22.7
22,28.54
381,55.67
17,28.71
288,47.71
504,171.77
80,33.12
305,56.4
37,27.56
104,37.88
1314,8412.06
221,42.99
620,537.5
110,34.68
453,85.02
10,22.65
310,52.34
73,28.55
16,32.6
413,61.24
155,39.08
514,187.06
519,209.29
187,35.97
57,32.1
197,42.04
134,37.34
269,42.27
354,50.92
260,44.63
194,40.31
419,62.67
10,28.12
10,29.19
243,1101.8
17,24.33
471,125.8
53,33.9
312,50.89
196,48.96
84,33.27
237,45.05
210,39.56
692,921.46
80,23.84
589,415.34
351,62.36
237,44.62
182,40.82
257,49.43
83,28.56
262,33.11
202,34.23
42,27.15
21,22.59
142,30.15
697,941.5
65,21.94
34,35.0
438,71.4
240,49.23
50,38.18
704,979.6
153,38.33
122,24.6
517,202.46
198,46.73
31,24.62
1060,4419.83
751,1299.63
218,41.88
241,47.33
317,42.74
195,43.06
236,46.49
232,40.58
429,65.86
73,30.14
170,40.32
151,33.44
996,3614.7
61,28.18
485,129.48
10,28.58
239,48.49
115,31.03
141,43.9
20,26.13
52,26.24
305,47.83
187,44.47
37,24.81
112,46.01
313,63.74
263,36.18
37,29.54
312,57.17
401,62.57
145,34.57
180,43.57
10,33.59
188,35.0
346,48.73
305,52.37
186,33.24
45,29.49
594,422.77
731,1151.31
15,32.06
39,31.15
79,32.46
694,926.16
191,45.14
508,174.31
551,290.64
92,36.87
344,55.77
829,1908.9
871,2286.24
95,37.1
565,322.44
60,28.73
562,319.61
402,57.02
90,27.58
441,72.34
1409,10240.68
298,52.55
144,35.38
27,26.09
593,435.56
943,3010.36
10,16.39
87,33.76
140,42.96
711,1031.5
495,147.09
115,27.51
361,55.03
180,27.08
575,363.34
16,24.48
64,35.27
131,35.42
510,179.06
14,26.06
10,29.02
55,19.58
432,69.59
401,61.85
1005,3718.18
1488,11895.8
158,34.8
36,30.26
710,1025.24
72,31.92
162,29.6
185,39.52
277,41.06
365,59.84
1500,12159.62
78,801.36
278,47.62
921,2772.64
169,32.81
134,31.27
177,42.54
219,37.7
15,20.42
44,28.49
212,39.47
596,441.43
67,24.95
213,35.78
309,52.73
556,310.48
220,42.01
448,85.42
138,34.97
130,32.45
115,31.79
651,690.25
212,35.83
806,1710.2
183,35.73
137,37.22
249,42.41
750,1283.27
303,48.04
164,42.5
135,33.95
54,31.43
648,664.89
275,51.49
240,40.57
192,42.32
125,34.57
28,31.16
414,64.21
706,989.35
65,26.4
655,714.33
19,30.43
90,35.93
10,16.64
676,811.07
20,30.34
47,31.36
76,30.72
591,424.25
24,29.85
89,33.94
290,44.65
46,29.36
68,28.99
245,36.87
118,30.87
667,762.18
1029,4005.88
94,27.9
442,80.85
38,28.27
331,48.23
1043,4195.14
323,1389.04
174,35.32
146,40.36
239,40.84
67,38.31
341,53.69
54,31.1
176,37.81
656,707.86
307,48.95
293,53.32
292,851.15
647,668.33
130,37.66
34,28.51
116,35.06
11,26.27
68,1075.56
121,40.59
222,40.16
389,61.94
112,36.24
561,317.49
1123,5295.93
84,36.13
227,43.83
970,3306.39
229,56.68
34,24.25
114,36.86
1459,11271.2
332,46.78
10,24.03
864,2214.28
77,30.88
81,26.55
287,45.25
641,646.63
647,677.4
10,21.0
597,442.21
39,22.05
357,52.66
89,29.41
228,30.43
103,33.5
248,53.82
311,54.31
607,483.27
93,29.49
152,33.65
34,28.74
178,45.34
96,26.48
11,25.39
591,429.96
10,21.11
148,30.94
36,25.94
26,28.03
332,56.17
491,139.18
218,38.92
258,50.55
71,33.46
53,30.78
393,41.69
207,44.91
138,36.58
298,42.12
152,30.69
72,38.52
390,51.15
135,34.39
591,431.8
269,41.99
130,34.37
282,52.63
380,55.13
546,270.43
235,48.83
279,50.06
502,164.35
151,34.94
152,28.55
213,37.44
133,38.23
81,23.22
590,415.67
547,277.08
50,28.07
17,23.68
222,40.99
217,44.99
182,37.02
842,2001.62
110,42.79
372,53.91
12,29.21
61,37.23
29,42.27
470,108.88
585,403.65
1500,12153.99
469,99.73
598,447.94
102,35.0
1254,7357.88
173,47.58
52,29.76
299,44.21
189,41.49
395,65.8
10,24.7
481,129.02
1019,3893.8
395,61.86
433,71.81
18,24.21
68,35.99
118,44.0
100,41.6
431,70.35
17,26.0
63,28.25
427,63.45
459,99.32
162,38.82
264,53.17
1331,8725.77
113,34.04
491,141.79
298,848.36
92,30.57
75,30.54
133,29.97
1500,13563.15
147,35.52
469,115.47
474,120.8
90,31.1
177,34.29
308,52.74
105,34.16
448,81.37
90,31.65
161,36.33
337,52.57
739,1203.52
825,1866.05
10,29.96
17,31.29
384,68.74
10,29.33
316,52.2
140,35.83
10,30.87
44,36.25
444,81.49
123,43.9
161,36.84
805,1706.08
53,26.96
722,1096.02
10,32.73
528,221.57
23,35.21
1252,7315.39
386,58.96
1500,12160.87
196,41.88
165,35.48
85,32.12
438,76.02
55,19.89
308,56.9
175,38.03
246,48.94
669,786.3
392,54.57
559,309.53
157,38.85
1104,5001.38
264,46.52
111,31.56
961,3204.74
309,47.84
539,251.16
87,30.17
185,37.44
163,40.88
97,27.06
553,297.63
10,27.94
237,44.37
75,26.33
53,20.54
1500,12158.08
1103,5009.15
519,196.11
40,20.85
88,19.59
318,42.38
250,39.38
204,33.32
615,516.92
848,2060.37
357,55.64
35,39.39
303,38.84
203,42.78
56,25.44
61,36.33
400,63.38
34,35.08
664,750.28
33,28.67
42,23.89
440,75.35
135,20.67
504,180.69
518,198.2
1372,9503.85
188,37.01
230,30.24
730,1150.45
215,33.11
419,62.01
377,53.53
11,31.5
74,31.61
506,174.08
10,27.24
122,32.84
287,47.2
10,30.49
184,50.01
69,30.93
430,74.57
53,23.25
613,516.15
430,73.53
179,35.47
239,42.6
90,34.76
466,116.14
30,30.42
362,42.32
227,40.8
129,32.66
96,31.48
14,36.36
107,29.23
37,29.36
654,711.1
326,58.35
39,24.88
172,41.6
67,34.56
312,48.27
489,140.46
32,21.37
47,23.71
301,43.05
10,27.52
632,603.61
10,11.15
427,76.24
474,122.78
1219,6769.97
876,2321.68
49,32.52
1029,4011.93
345,46.37
202,44.17
1401,10075.29
208,43.86
649,681.14
565,334.48
10,20.53
11,32.02
201,36.02
201,42.09
423,71.96
265,45.95
39,25.4
79,36.6
223,43.12
28,34.87
258,58.29
532,238.66
143,42.46
123,34.93
402,54.51
44,26.81
587,410.17
10,27.47
229,50.1
25,29.16
75,32.78
180,45.33
10,18.45
317,47.79
50,26.85
173,28.53
210,39.88
100,28.48
230,40.68
85,30.54
60,24.53
213,45.13
423,71.5
479,125.71
70,19.36
330,53.22
76,31.46
223,46.29
217,45.33
157,37.54
67,33.37
268,46.94
136,36.37
220,40.47
10,31.27
687,886.89
524,222.02
266,51.14
286,48.88
542,260.74
52,31.26
10,28.46
48,28.01
398,47.76
653,707.52
409,55.55
428,60.81
838,1974.63
195,34.23
86,27.37
34,22.89
398,62.15
10,19.05
239,40.85
10,29.94
297,46.14
10,26.19
685,865.94
10,23.87
31,33.72
357,54.54
99,34.22
363,59.42
10,25.84
152,31.28
195,37.06
100,31.55
57,22.83
312,55.33
287,54.43
139,32.19
105,34.43
362,57.58
750,1276.12
396,57.6
571,354.06
276,45.99
229,32.35
14,27.88
754,1316.48
1391,9885.64
205,42.35
16,31.24
247,1167.23
268,52.83
215,37.41
165,41.71
335,57.69
116,30.86
342,59.1
190,38.0
631,589.6
267,45.79
420,66.33
69,35.27
183,40.88
124,30.23
282,45.41
77,34.76
116,36.54
108,35.35
20,28.88
322,56.15
74,23.36
1315,8436.43
94,35.47
10,26.56
87,35.8
125,41.52
28,17.37
227,43.75
149,46.37
508,171.49
184,40.27
194,46.45
191,50.4
144,36.95
237,48.15
144,37.33
288,47.3
165,35.01
442,61.1
96,38.2
487,135.76
217,46.23
15,29.94
14,20.43
220,47.72
297,56.42
90,34.07
10,32.35
227,34.2
88,36.09
111,31.85
541,246.61
53,36.59
313,43.77
364,52.5
153,31.08
600,455.65
88,33.25
454,88.36
109,32.03
231,47.37
295,47.22
114,36.8
188,28.83
11,27.91
70,31.02
210,46.21
247,43.15
86,29.72
170,38.87
174,41.19
105,21.77
582,388.82
350,47.25
315,46.27
239,44.51
370,47.41
628,586.24
463,105.58
61,27.55
1500,12166.26
140,37.98
1358,9237.09
200,32.85
154,35.77
264,48.9
1154,5742.76
850,2093.14
10,23.08
10,25.09
180,38.65
362,60.17
598,452.57
151,33.5
303,56.8
23,21.7
54,31.39
491,146.03
129,36.86
38,25.37
405,61.61
526,216.39
22,23.85
10,24.79
254,708.89
176,33.76
301,57.26
536,248.03
289,42.45
857,2147.68
146,31.94
81,31.06
345,55.94
537,1076.22
12,21.35
800,1659.35
338,59.42
124,36.53
194,36.33
544,270.23
298,42.06
53,30.0
152,38.1
21,28.79
381,58.45
297,41.73
163,39.12
870,2273.56
39,28.88
114,38.78
568,334.75
325,49.95
219,38.67
233,35.0
513,188.4
56,27.53
10,21.79
34,25.41
966,3260.31
169,35.7
34,29.08
312,38.72
320,44.93
326,56.33
218,41.54
10,22.44
797,1641.95
120,39.92
925,2815.55
137,43.48
154,40.96
533,235.67
102,35.3
599,456.07
256,1481.22
39,27.17
77,32.37
343,51.01
437,87.77
93,23.71
251,42.33
509,170.55
150,39.69
120,37.57
227,40.44
357,51.22
512,191.16
167,42.32
614,525.27
373,57.51
260,44.75
726,1121.52
199,37.62
19,30.26
115,27.92
290,48.65
143,35.63
618,539.33
12,34.68
581,390.21
486,138.3
602,471.24
228,48.08
229,48.43
331,52.26
114,35.3
107,37.62
54,24.43
286,32.59
86,29.3
16,29.66
26,35.73
198,38.82
864,2215.79
227,38.1
328,46.46
13,29.81
534,240.82
235,47.72
645,667.75
43,27.23
142,43.74
761,1358.07
257,43.68
31,24.98
351,39.64
672,795.18
218,49.9
374,64.34
144,29.11
10,14.5
186,43.85
548,283.08
52,21.58
14,15.28
225,47.87
355,55.33
513,182.11
42,24.66
734,1170.73
81,28.42
131,37.89
1079,4668.48
157,33.26
330,51.86
772,1436.62
165,39.34
207,39.42
31,32.58
227,48.44
153,40.13
211,43.55
128,39.22
486,127.36
148,31.76
37,36.29
200,25.67
99,39.74
334,55.1
428,80.08
139,38.56
139,31.82
389,1086.54
898,2534.46
220,48.25
160,40.11
375,55.21
253,49.71
98,31.28
339,52.23
1049,4270.62
475,120.37
211,42.99
545,269.18
813,1753.77
414,62.98
60,31.68
309,45.34
247,38.01
273,50.7
243,49.93
82,42.43
228,45.26
235,50.74
254,41.99
1110,5104.3
329,49.43
356,60.44
117,46.65
975,3359.16
30,28.56
17,28.62
11,21.17
245,39.66
142,32.17
263,44.62
166,39.81
186,41.45
19,21.74
167,33.31
204,38.39
345,48.97
874,2312.6
154,26.26
127,40.42
198,40.6
59,26.44
1190,6305.87
681,849.94
302,43.82
380,58.26
132,33.08
282,45.02
326,48.93
165,38.76
721,1093.08
282,48.71
695,932.27
169,38.78
611,507.58
520,205.85
333,56.07
48,32.69
263,44.04
59,20.53
304,60.16
10,30.7
83,35.11
35,16.58
45,16.8
10,17.75
533,236.61
98,31.23
213,41.69
110,34.1
145,48.48
21,25.19
671,787.27
76,38.79
73,38.68
667,769.07
338,49.87
675,811.45
191,43.03
510,178.14
519,195.14
89,23.4
573,356.94
362,55.93
380,64.22
536,242.38
152,33.66
169,35.17
64,33.92
135,34.64
464,95.94
157,38.12
125,39.3
1470,11510.28
106,31.69
10,27.05
111,28.25
261,42.98
752,1302.83
116,34.88
42,37.97
662,743.51
1057,4380.33
1187,6250.66
39,25.61
28,33.11
222,45.76
755,1323.34
134,36.37
129,36.86
242,43.56
68,24.67
223,48.88
406,55.91
384,57.35
174,39.43
822,1835.16
10,34.1
109,33.65
221,43.63
247,43.69
119,29.33
389,63.66
835,1958.66
563,332.16
82,26.34
106,27.83
265,50.15
149,34.9
395,63.83
750,1277.77
176,38.83
344,57.4
13,22.57
79,34.32
353,53.37
31,31.94
358,55.59
252,55.68
467,103.36
285,47.6
33,28.12
323,51.83
281,43.71
265,39.51
10,24.59
117,31.41
761,1361.35
31,27.86
129,38.77
13,27.27
468,107.68
369,52.84
228,50.46
1500,12151.15
575,363.76
13,33.79
138,32.48
29,29.55
71,26.82
241,40.87
68,35.69
1287,7931.36
100,33.54
112,46.71
207,51.16
47,35.12
11,31.6
1500,12161.37
222,44.83
64,25.86
43,31.13
58,28.79
292,50.42
682,853.32
128,27.25
102,42.26
838,1974.92
823,1859.74
181,44.26
225,1310.06
1043,4204.39
13,19.24
182,38.21
160,40.68
210,43.71
871,2271.1
198,49.63
132,33.83
499,146.99
532,228.47
913,2691.32
500,164.08
12,20.36
118,30.05
696,945.49
75,31.71
212,34.74
113,35.09
116,1401.98
194,44.58
679,841.68
417,58.35
929,2856.12
175,39.93
16,32.88
265,50.25
466,93.35
528,227.57
51,24.1
297,45.86
647,670.89
211,41.61
251,36.59
364,59.02
950,3086.24
280,44.26
452,86.97
20,23.54
422,68.87
577,372.19
219,40.92
323,43.29
47,24.03
43,18.49
44,29.93
57,21.01
539,249.47
123,37.24
268,48.63
215,42.1
71,30.41
266,49.05
183,32.68
276,55.79
87,26.28
255,48.21
71,21.61
76,23.35
1442,10922.88
112,30.86
233,40.42
29,27.16
182,40.33
309,48.76
224,35.31
383,52.91
183,26.74
105,42.78
1103,5003.46
28,24.95
360,53.61
602,459.29
1018,3880.06
80,26.35
81,39.97
168,44.15
675,811.93
194,44.63
82,30.74
63,33.74
26,23.12
292,55.23
122,34.32
68,21.45
76,36.16
128,33.63
65,29.94
107,32.21
11,31.33
593,435.48
648,673.63
535,241.03
1065,4478.6
68,31.04
10,22.39
10,22.26
63,30.56
97,37.89
81,27.78
43,25.01
850,2091.82
567,343.01
923,2798.34
121,36.03
682,858.09
188,35.28
46,32.85
18,33.25
46,28.57
526,219.21
48,29.7
434,77.43
526,217.53
306,50.05
164,39.93
896,2515.38
782,1523.93
76,28.19
1234,7021.69
316,57.93
1050,4285.9
947,3049.95
648,677.83
756,1330.01
246,50.82
57,30.64
30,23.78
113,31.06
250,47.88
78,38.7
265,50.64
38,32.02
866,2230.75
314,40.54
124,39.09
379,57.87
79,24.58
130,37.25
10,20.22
327,52.89
60,30.41
130,22.76
717,1063.54
578,381.44
87,38.16
400,62.08
97,21.16
10,19.16
138,32.42
149,24.37
41,34.5
11,26.82
268,44.29
19,36.85
63,33.97
22,29.52
418,76.93
568,342.46
199,40.88
91,32.42
297,45.75
61,30.0
655,709.65
261,46.06
306,41.09
227,48.06
431,61.96
273,44.52
307,1334.48
395,50.08
445,82.08
593,435.45
377,58.37
237,41.17
92,31.13
779,1484.21
202,36.22
129,35.69
146,41.33
366,52.39
113,44.29
542,263.1
464,102.94
276,44.1
845,2036.44
65,33.81
161,26.38
10,16.0
203,41.14
326,47.85
50,34.76
1192,6333.44
433,75.5
153,32.46
79,668.23
148,41.56
991,3548.04
674,817.88
1119,5233.13
10,18.9
465,104.62
95,32.06
547,282.73
262,29.65
307,43.6
206,50.73
240,41.74
93,27.25
13,29.31
111,38.86
39,25.99
256,50.44
107,28.36
117,43.63
319,49.62
211,42.78
42,27.5
285,51.41
54,32.69
51,32.37
10,14.18
405,60.63
145,41.63
10,28.3
100,34.96
446,84.12
204,41.77
301,46.82
195,37.12
176,31.2
424,62.44
49,34.97
365,50.15
566,340.58
173,35.5
59,23.47
14,25.83
10,16.87
46,27.1
162,36.12
285,46.63
39,36.34
33,30.75
608,498.28
10,25.25
10,22.0
94,36.82
389,50.52
264,43.46
101,26.13
981,3433.92
58,29.77
271,39.93
550,288.11
228,54.4
395,56.18
10,19.07
14,26.1
581,383.01
193,36.88
308,52.19
216,39.5
462,103.56
73,25.19
309,52.21
153,44.76
188,43.55
178,39.33
611,509.88
24,23.04
93,23.34
283,48.44
45,31.11
141,39.98
219,47.14
584,402.92
113,29.76
107,31.75
142,43.4
180,49.06
10,25.12
234,38.72
71,28.29
61,28.45
452,88.31
437,1222.58
679,840.1
408,55.13
358,49.35
190,39.6
802,1676.77
298,42.06
733,1165.34
348,54.74
738,1203.7
370,57.72
156,46.9
397,62.89
164,28.77
66,30.72
13,28.74
1260,7455.39
484,136.23
128,31.88
70,27.42
117,40.08
792,1594.58
120,35.52
257,45.36
536,247.83
286,44.93
334,46.89
504,177.78
49,26.82
427,70.04
50,29.3
25,19.55
389,50.34
155,32.95
25,33.77
42,34.01
196,41.1
146,33.15
10,27.93
93,29.62
620,542.8
204,39.82
101,33.51
994,3580.7
247,40.59
226,47.88
48,27.18
173,40.67
294,46.82
372,58.92
426,70.1
699,952.04
372,59.48
652,699.05
287,51.72
423,70.55
348,50.21
27,27.18
56,36.26
496,153.7
216,40.82
61,31.02
218,40.93
95,33.02
918,2735.81
713,1041.14
17,16.07
55,31.42
643,656.2
357,50.63
653,700.39
242,46.33
239,45.63
335,46.44
307,42.72
38,26.44
39,24.02
20,33.33
265,46.48
101,34.88
133,36.88
255,43.23
473,111.64
400,60.86
36,27.76
553,296.85
125,30.65
1500,12171.2
1082,4706.82
24,29.34
10,31.12
362,60.36
316,57.96
81,31.48
207,43.76
368,60.61
1331,8729.97
746,1256.81
398,63.84
64,29.23
86,36.94
134,38.1
19,21.71
191,37.31
103,43.88
330,47.13
347,48.58
100,37.15
549,284.43
173,43.25
678,831.31
667,776.23
199,37.98
138,30.37
338,58.4
261,52.54
177,43.92
83,35.48
122,34.04
135,25.86
105,33.36
105,25.88
144,29.28
142,37.55
247,904.2
531,231.98
127,31.96
963,3230.72
395,56.08
312,44.22
229,46.42
230,49.78
612,509.38
67,35.16
92,31.93
658,720.34
203,46.76
16,21.65
272,49.33
131,36.09
101,32.71
10,18.7
67,34.97
199,41.88
232,43.28
43,28.58
200,34.47
197,42.68
316,59.77
175,38.63
157,33.86
146,37.41
79,23.52
241,46.78
330,44.43
183,49.52
101,38.74
653,695.77
28,29.25
502,160.17
250,47.95
500,155.21
635,613.73
1500,12155.18
563,324.16
148,42.59
10,22.37
52,24.94
99,36.75
12,36.2
244,40.87
526,218.35
302,38.18
236,43.76
331,52.29
979,3414.03
474,114.21
530,226.46
10,27.15
224,41.12
57,25.08
101,33.88
180,46.96
123,37.0
68,24.99
101,37.38
422,72.51
28,24.43
522,206.4
215,52.35
311,53.5
503,171.39
999,3643.84
234,45.98
313,42.38
22,25.91
78,32.61
544,265.53
52,30.27
183,44.14
237,39.86
206,47.56
73,32.83
53,31.32
410,63.34
64,31.02
932,2890.54
1500,12153.82
216,47.18
1014,3827.69
96,27.35
65,30.74
1098,4933.13
98,31.94
400,66.88
257,48.32
1456,11205.32
334,48.89
199,36.93
548,275.1
1023,3938.59
348,43.99
35,27.38
238,46.88
1090,4823.12
125,30.32
372,49.44
179,49.48
116,1430.65
185,36.53
825,1865.66
530,226.39
10,26.7
89,29.93
18,13.13
287,42.6
738,1207.76
71,31.89
476,117.36
321,55.25
593,430.47
10,23.81
537,250.36
88,30.75
55,25.19
344,48.9
230,45.58
101,35.08
392,53.02
72,38.06
10,30.97
91,28.93
125,37.37
196,41.39
151,33.99
200,44.61
226,44.49
211,36.1
656,712.75
209,46.77
160,34.7
174,38.53
242,35.48
625,572.54
169,46.44
134,37.37
17,31.72
155,45.75
341,59.25
409,54.27
351,53.34
282,51.8
74,24.7
120,44.51
198,45.96
156,33.79
359,54.37
259,44.22
77,23.27
31,26.64
165,36.38
19,22.08
311,45.49
260,33.36
596,437.2
387,54.27
72,25.54
864,2216.32
194,35.64
52,29.16
10,31.1
106,31.09
49,28.6
293,45.0
387,54.53
363,58.15
14,27.27
404,57.33
80,34.0
22,29.86
897,2530.65
192,37.37
400,63.7
166,43.02
330,61.86
140,34.91
450,98.85
821,1834.4
492,140.64
231,36.32
139,48.99
157,42.29
340,45.21
196,46.88
512,188.62
156,28.38
130,28.85
260,46.92
299,57.23
158,35.11
222,42.96
268,41.21
439,77.16
975,3378.14
34,19.09
213,43.8
504,171.29
788,1562.38
181,46.65
115,35.34
483,125.54
40,28.58
343,56.27
395,59.36
50,20.46
835,1944.04
60,27.05
10,24.95
658,731.88
510,178.61
141,35.49
549,273.61
10,23.87
110,36.84
824,1857.69
10,24.35
291,55.72
67,23.86
37,25.21
294,47.21
220,44.48
108,36.08
155,37.8
584,398.64
152,43.56
333,58.34
1042,4187.78
15,18.98
761,1371.27
402,59.51
182,34.91
485,135.24
161,36.37
217,35.93
369,46.72
141,43.74
512,173.66
549,272.66
80,32.25
26,28.89
135,37.98
582,1585.78
30,20.89
163,36.09
97,36.51
311,52.81
50,32.0
159,34.89
20,31.4
285,44.44
649,686.46
403,45.47
335,46.45
1334,8775.29
187,40.44
226,37.6
48,27.39
10,27.61
438,66.0
71,31.61
224,40.43
127,35.96
214,41.36
525,217.6
292,47.22
68,26.97
370,50.86
636,623.81
678,827.27
222,42.9
95,32.09
178,40.71
694,921.07
206,47.87
213,41.35
64,37.65
83,29.94
769,1425.79
465,108.73
10,32.21
139,40.19
118,21.67
28,33.24
491,151.68
85,28.51
914,2695.41
478,113.07
207,36.02
578,371.52
199,39.99
330,54.16
408,59.32
102,33.49
122,32.67
13,17.9
107,36.04
344,49.15
154,37.92
116,31.41
10,26.71
369,60.46
258,43.55
283,56.11
88,40.51
59,30.09
89,31.04
333,52.95
134,43.58
676,822.83
187,43.47
469,105.92
1037,4117.15
24,24.98
502,163.36
10,34.43
922,2782.03
263,40.73
173,38.75
289,39.59
182,43.43
118,32.58
706,996.18
215,51.11
541,250.31
169,27.59
10,22.77
14,26.71
417,62.78
302,46.41
29,23.82
381,62.41
25,28.47
30,23.53
100,39.93
323,54.97
83,30.47
698,949.29
142,27.38
163,47.72
87,32.44
1175,6075.21
526,225.78
69,27.88
73,43.0
72,28.71
248,43.38
21,29.68
224,39.46
139,37.81
26,22.56
718,1066.93
288,56.14
399,51.45
211,35.25
163,36.18
450,78.87
744,1245.86
62,33.62
61,29.6
49,22.89
248,43.94
485,134.94
259,49.59
538,254.46
33,21.21
1500,12165.52
159,38.87
806,1707.34
275,45.4
19,14.12
825,1861.39
321,47.71
364,49.65
241,47.34
235,44.26
191,36.0
267,38.01
10,30.24
161,43.17
1133,5432.68
432,72.7
35,28.08
341,52.06
117,28.15
788,1558.34
33,24.47
87,23.61
49,21.98
270,41.47
455,94.24
112,28.87
17,24.88
822,1835.22
457,91.73
431,71.99
36,29.47
73,27.31
329,57.6
109,35.76
290,49.19
113,33.58
62,1300.15
104,34.27
48,21.92
119,36.14
24,25.36
682,849.2
1495,12056.05
434,72.68
243,45.35
352,54.39
55,29.05
300,51.64
156,34.64
49,23.92
240,45.04
576,371.84
308,53.92
520,205.22
337,54.53
468,111.62
394,61.98
444,81.21
134,35.53
402,46.65
275,42.34
745,1256.67
172,35.96
21,16.63
348,52.1
369,58.23
163,41.19
353,53.79
144,28.83
1494,12032.35
207,49.88
351,59.47
632,602.4
40,24.29
493,143.96
10,23.12
351,40.56
44,21.09
264,52.62
358,43.44
153,34.67
132,36.08
804,1688.89
115,31.45
215,42.31
1066,4490.47
1044,4208.92
84,30.83
32,25.84
27,32.81
216,47.83
105,33.02
136,34.89
19,16.35
517,194.32
127,28.34
316,52.04
257,38.5
87,30.88
120,38.29
91,31.38
869,2263.71
86,19.78
32,20.01
1120,5232.06
92,27.87
104,29.23
10,27.69
457,86.01
197,36.73
151,38.54
208,46.35
161,32.35
615,524.36
125,29.87
429,62.81
180,39.6
187,38.68
422,67.93
303,56.38
278,50.23
23,27.74
21,31.46
846,2051.15
101,25.37
248,41.6
13,24.84
409,57.77
88,26.97
63,32.67
1500,12148.26
190,33.48
528,229.82
479,128.37
109,33.23
361,52.46
242,43.87
244,46.11
711,1028.15
439,73.5
456,99.54
117,41.61
47,24.6
431,72.45
84,27.11
24,33.42
49,27.42
131,31.3
143,32.04
470,108.23
168,45.06
56,24.92
149,31.34
50,31.77
10,25.21
152,875.29
320,56.59
241,43.77
175,42.55
266,53.97
41,32.82
35,33.19
351,57.29
110,37.72
18,22.59
1135,5448.48
111,37.83
10,20.74
107,728.41
430,70.69
377,56.64
325,41.6
66,30.49
929,2851.99
108,40.87
348,54.1
296,790.68
147,30.98
59,24.99
470,111.66
395,58.79
325,54.98
40,27.23
210,42.35
299,49.55
312,50.53
81,23.98
170,49.72
179,36.99
112,27.22
100,34.01
18,32.42
42,38.83
37,32.62
405,64.21
483,135.42
661,742.56
304,50.99
743,1232.14
208,45.74
320,52.21
125,40.32
125,37.15
256,52.28
1391,9892.35
404,60.22
651,686.15
80,31.75
537,241.92
243,41.37
10,22.24
53,27.08
13,22.96
31,25.16
57,32.89
76,18.38
763,1380.43
144,30.72
10,740.35
63,26.55
245,38.74
1219,6772.32
149,40.35
115,30.25
230,45.63
202,39.33
149,34.77
65,25.92
198,50.31
106,31.05
134,36.77
320,53.37
10,18.86
647,658.67
19,30.67
735,1182.41
113,29.26
804,1693.09
